role_encoded,age,gender_encoded,tenure_months,monthly_salary,distance_km,overtime_hours_last_month,training_hours,last_performance_rating,leadership_index,workload_index,organizational_environment_index,quota_attainment_pct,sales_closed,commissions_earned,on_time_delivery_pct,inventory_errors,machinery_incidents,bradford_factor
1,34,1,64,35749.5,15.7,4.7,14.0,2,59.2,48.4,81.3,101.9,32.0,6276.15,-1.0,-1.0,-1.0,1.0
1,21,1,6,36826.99,26.2,2.1,15.0,1,55.1,50.8,69.3,72.1,21.0,0.0,-1.0,-1.0,-1.0,0.0
0,31,0,61,12892.28,15.8,64.4,13.0,5,70.9,100.0,81.3,-1.0,-1.0,-1.0,99.6,3.0,0.0,3146.0
0,27,1,31,11414.9,38.8,58.5,13.0,3,55.3,100.0,61.1,-1.0,-1.0,-1.0,85.2,2.0,0.0,36.0
0,42,0,10,12607.31,15.5,13.5,11.0,3,77.2,71.9,68.6,-1.0,-1.0,-1.0,80.2,6.0,0.0,28.0
1,46,1,2,33101.84,14.7,17.5,10.0,2,52.2,64.9,72.9,88.1,23.0,2132.41,-1.0,-1.0,-1.0,72.0
0,37,0,1,11676.46,43.6,22.6,13.0,3,65.8,64.4,61.2,-1.0,-1.0,-1.0,87.6,0.0,0.0,8.0
0,33,0,70,12700.44,15.8,51.5,6.0,3,57.3,100.0,68.8,-1.0,-1.0,-1.0,91.5,2.0,0.0,396.0
0,43,0,2,10467.32,27.1,49.2,17.0,2,52.0,100.0,72.0,-1.0,-1.0,-1.0,87.9,6.0,0.0,128.0
0,36,0,111,10213.46,28.8,14.5,6.0,4,59.7,59.8,79.4,-1.0,-1.0,-1.0,95.6,2.0,0.0,250.0
0,36,0,57,11029.07,18.3,45.8,13.0,4,58.8,99.7,61.3,-1.0,-1.0,-1.0,93.9,4.0,0.0,12.0
1,43,0,48,36260.87,13.4,4.6,10.0,3,54.0,40.6,79.2,84.0,26.0,1166.06,-1.0,-1.0,-1.0,0.0
1,22,0,17,35182.98,12.3,0.5,7.0,3,65.3,47.6,85.7,85.5,24.0,1561.47,-1.0,-1.0,-1.0,16.0
1,26,0,39,26850.94,23.7,3.4,15.0,3,56.8,55.1,60.8,64.7,22.0,0.0,-1.0,-1.0,-1.0,81.0
0,33,1,26,9269.76,23.3,39.6,16.0,3,75.5,100.0,82.9,-1.0,-1.0,-1.0,88.5,4.0,0.0,2.0
0,31,0,9,10899.23,14.8,56.0,18.0,3,51.4,100.0,59.4,-1.0,-1.0,-1.0,84.8,7.0,0.0,63.0
0,44,1,7,8404.24,26.7,15.5,15.0,5,64.9,63.7,79.6,-1.0,-1.0,-1.0,100.0,1.0,0.0,1216.0
0,45,0,71,11130.52,12.1,27.2,8.0,4,54.1,100.0,68.3,-1.0,-1.0,-1.0,88.3,3.0,0.0,275.0
0,42,0,35,10476.06,6.4,42.0,14.0,4,53.9,100.0,54.5,-1.0,-1.0,-1.0,87.4,2.0,0.0,96.0
1,21,1,36,31372.7,5.1,6.2,11.0,3,65.6,29.6,88.9,97.1,24.0,4286.5,-1.0,-1.0,-1.0,0.0
0,34,0,26,12153.7,44.5,33.2,16.0,5,73.4,89.0,90.7,-1.0,-1.0,-1.0,100.0,3.0,1.0,2.0
0,47,0,41,11596.46,17.0,10.6,12.0,2,74.4,59.8,78.4,-1.0,-1.0,-1.0,86.1,8.0,0.0,0.0
0,38,0,75,9957.28,13.4,17.9,14.0,3,61.7,59.0,96.0,-1.0,-1.0,-1.0,94.1,5.0,0.0,45.0
1,53,0,58,34446.27,11.3,16.1,13.0,3,63.6,59.6,64.6,108.2,28.0,7773.49,-1.0,-1.0,-1.0,1.0
0,38,0,11,12586.7,36.0,17.4,12.0,3,69.4,51.5,83.4,-1.0,-1.0,-1.0,85.2,4.0,0.0,64.0
0,36,1,8,10524.94,13.4,33.6,17.0,3,61.9,76.1,60.9,-1.0,-1.0,-1.0,84.5,2.0,0.0,175.0
0,38,1,7,11860.53,23.7,17.6,9.0,2,46.4,65.7,65.9,-1.0,-1.0,-1.0,95.0,5.0,0.0,27.0
1,40,0,110,28288.85,14.8,8.7,11.0,2,53.0,57.0,66.8,72.3,22.0,0.0,-1.0,-1.0,-1.0,12.0
0,26,0,9,9907.53,31.2,32.2,14.0,3,61.7,77.4,70.8,-1.0,-1.0,-1.0,88.9,2.0,0.0,8.0
0,35,1,17,11549.91,10.3,32.3,9.0,5,62.1,95.4,71.6,-1.0,-1.0,-1.0,90.5,1.0,0.0,72.0
1,33,0,3,38730.89,9.0,12.1,15.0,2,66.0,73.9,71.1,55.3,13.0,0.0,-1.0,-1.0,-1.0,12.0
1,34,1,13,26876.25,10.3,0.4,20.0,4,52.0,37.2,94.4,101.1,21.0,4526.08,-1.0,-1.0,-1.0,0.0
0,32,0,9,13264.66,26.9,43.2,16.0,3,56.1,89.0,68.5,-1.0,-1.0,-1.0,96.2,4.0,2.0,0.0
0,41,1,44,12342.48,48.4,19.2,10.0,3,51.1,72.5,71.2,-1.0,-1.0,-1.0,86.1,6.0,0.0,160.0
0,41,1,30,12458.93,20.8,33.2,14.0,4,62.9,89.0,61.2,-1.0,-1.0,-1.0,97.0,2.0,2.0,150.0
0,30,0,40,11344.34,25.7,24.6,18.0,4,63.5,71.3,85.4,-1.0,-1.0,-1.0,93.2,0.0,0.0,2.0
0,40,1,5,8036.8,15.0,24.5,9.0,2,57.7,80.0,71.2,-1.0,-1.0,-1.0,84.5,3.0,0.0,12.0
1,58,1,9,31513.32,9.6,6.7,13.0,3,63.8,56.3,69.0,83.2,17.0,802.26,-1.0,-1.0,-1.0,12.0
0,50,0,107,10940.67,30.8,19.3,9.0,2,58.9,71.4,68.8,-1.0,-1.0,-1.0,84.2,3.0,0.0,0.0
1,51,0,13,36267.08,13.1,2.5,10.0,3,79.7,21.8,86.4,103.9,25.0,6937.23,-1.0,-1.0,-1.0,0.0
0,36,0,1,9318.2,34.7,18.3,10.0,3,55.3,56.0,78.5,-1.0,-1.0,-1.0,85.1,1.0,0.0,54.0
0,28,1,19,11234.99,45.8,17.9,13.0,4,58.9,66.8,61.8,-1.0,-1.0,-1.0,84.7,1.0,0.0,16.0
0,32,0,19,12505.54,18.7,37.9,18.0,3,56.5,93.9,65.4,-1.0,-1.0,-1.0,81.7,2.0,0.0,0.0
0,49,0,38,8628.21,34.0,27.5,7.0,3,61.7,82.8,73.8,-1.0,-1.0,-1.0,96.6,2.0,0.0,54.0
1,42,0,151,36414.93,18.0,9.1,16.0,2,64.9,46.0,82.9,86.4,24.0,1860.19,-1.0,-1.0,-1.0,1.0
0,34,1,1,11461.7,7.6,17.5,8.0,1,72.2,69.9,72.8,-1.0,-1.0,-1.0,86.7,2.0,0.0,208.0
0,51,0,1,10454.66,18.0,24.6,10.0,3,55.2,61.0,62.1,-1.0,-1.0,-1.0,94.7,1.0,0.0,0.0
0,35,1,13,9680.54,22.7,21.6,16.0,4,57.2,72.4,75.3,-1.0,-1.0,-1.0,83.8,3.0,0.0,63.0
0,24,0,6,10389.45,30.9,9.1,12.0,3,65.2,55.1,53.8,-1.0,-1.0,-1.0,91.0,2.0,0.0,24.0
0,35,1,25,12773.85,39.9,13.8,4.0,4,66.4,67.5,69.5,-1.0,-1.0,-1.0,94.7,1.0,0.0,27.0
0,46,1,55,8000.0,13.2,25.4,19.0,3,55.6,90.2,84.1,-1.0,-1.0,-1.0,96.1,2.0,0.0,175.0
0,45,0,18,9365.98,19.8,28.8,10.0,3,48.4,81.7,64.0,-1.0,-1.0,-1.0,93.9,2.0,0.0,16.0
1,35,1,59,31993.66,18.9,16.7,9.0,3,60.6,63.5,77.0,104.1,15.0,6175.02,-1.0,-1.0,-1.0,0.0
0,27,0,53,12215.04,14.7,38.5,10.0,3,69.8,96.4,75.2,-1.0,-1.0,-1.0,97.4,2.0,0.0,8.0
0,44,0,19,11320.71,13.3,9.3,9.0,3,59.7,48.2,79.9,-1.0,-1.0,-1.0,86.8,1.0,0.0,96.0
0,57,1,2,10025.94,40.9,29.0,13.0,4,73.6,73.8,65.6,-1.0,-1.0,-1.0,91.8,3.0,0.0,72.0
0,30,0,9,14622.19,24.4,45.5,16.0,2,40.0,100.0,62.3,-1.0,-1.0,-1.0,84.2,6.0,0.0,350.0
0,26,1,6,11645.1,22.5,34.1,11.0,3,59.5,86.8,62.3,-1.0,-1.0,-1.0,92.2,6.0,0.0,24.0
1,32,1,18,27361.16,14.2,3.4,13.0,3,53.8,56.9,77.2,99.9,25.0,4358.65,-1.0,-1.0,-1.0,0.0
1,30,0,42,37318.87,18.4,5.0,13.0,3,55.4,45.8,73.3,98.5,29.0,5527.94,-1.0,-1.0,-1.0,0.0
1,43,1,28,23111.6,29.1,19.8,9.0,3,75.5,62.1,61.6,101.2,25.0,3920.23,-1.0,-1.0,-1.0,1.0
0,48,0,48,9351.98,22.5,12.2,11.0,3,62.0,56.7,84.1,-1.0,-1.0,-1.0,93.2,1.0,0.0,12.0
1,37,1,48,35435.33,29.2,4.7,13.0,3,40.7,43.9,79.9,101.8,31.0,6166.02,-1.0,-1.0,-1.0,0.0
0,47,0,52,13711.81,26.3,49.1,10.0,4,66.5,100.0,62.7,-1.0,-1.0,-1.0,94.7,2.0,0.0,576.0
0,25,0,2,8700.97,11.4,16.4,8.0,4,65.3,70.2,74.8,-1.0,-1.0,-1.0,86.9,1.0,0.0,175.0
1,36,1,16,31365.99,11.7,2.4,11.0,4,73.2,43.8,84.9,105.3,22.0,6354.48,-1.0,-1.0,-1.0,2.0
0,31,1,1,10212.78,18.1,33.2,22.0,3,49.2,83.3,68.5,-1.0,-1.0,-1.0,92.3,1.0,0.0,20.0
1,41,0,48,37400.24,21.4,4.6,9.0,4,68.3,67.5,59.2,105.2,30.0,7534.94,-1.0,-1.0,-1.0,2.0
1,28,1,17,36998.57,7.3,5.4,10.0,4,56.1,29.0,73.4,108.0,30.0,8298.65,-1.0,-1.0,-1.0,0.0
1,30,1,34,26349.65,20.4,7.8,12.0,3,75.7,40.1,80.6,106.3,19.0,5551.26,-1.0,-1.0,-1.0,16.0
0,32,1,8,10897.58,13.6,19.4,11.0,3,75.9,76.1,90.9,-1.0,-1.0,-1.0,92.3,0.0,0.0,225.0
0,46,1,3,12973.83,26.2,63.6,12.0,3,61.7,100.0,66.9,-1.0,-1.0,-1.0,93.9,7.0,0.0,99.0
0,49,0,34,11205.12,14.2,29.2,6.0,3,87.2,78.8,90.5,-1.0,-1.0,-1.0,83.5,5.0,0.0,54.0
1,47,0,24,30793.71,15.5,6.6,18.0,4,88.6,48.7,87.6,108.0,21.0,6893.45,-1.0,-1.0,-1.0,0.0
1,23,0,6,36678.39,26.6,3.4,15.0,3,74.2,47.0,92.6,113.6,30.0,9866.07,-1.0,-1.0,-1.0,3.0
0,56,0,114,11907.84,37.5,19.9,13.0,3,66.1,66.9,70.5,-1.0,-1.0,-1.0,92.7,2.0,0.0,8.0
1,29,0,48,34537.1,18.0,28.5,6.0,3,57.8,96.3,70.5,104.7,20.0,6823.78,-1.0,-1.0,-1.0,45.0
0,42,1,77,11759.36,43.2,44.8,12.0,3,53.0,100.0,56.2,-1.0,-1.0,-1.0,95.7,2.0,0.0,2025.0
0,35,1,41,10635.95,6.6,12.2,8.0,3,63.7,66.0,71.6,-1.0,-1.0,-1.0,84.7,2.0,0.0,1.0
0,26,1,21,12529.01,30.4,23.3,10.0,4,67.9,66.6,75.1,-1.0,-1.0,-1.0,96.5,3.0,0.0,1.0
0,23,2,28,11875.32,40.3,44.2,8.0,3,54.3,100.0,73.4,-1.0,-1.0,-1.0,93.5,1.0,0.0,250.0
1,46,0,19,29160.41,16.1,2.8,9.0,1,64.9,43.2,88.2,70.0,20.0,0.0,-1.0,-1.0,-1.0,1.0
0,30,1,2,13235.57,57.4,46.3,10.0,3,51.6,100.0,79.5,-1.0,-1.0,-1.0,87.2,3.0,0.0,160.0
0,33,0,132,8497.12,8.5,65.9,11.0,3,59.2,100.0,74.3,-1.0,-1.0,-1.0,88.8,7.0,0.0,1053.0
0,37,0,28,9299.28,21.8,21.8,14.0,4,62.9,78.9,73.2,-1.0,-1.0,-1.0,96.6,1.0,0.0,28.0
1,29,0,2,26954.57,4.1,4.4,12.0,4,69.6,51.4,81.5,105.9,21.0,5590.36,-1.0,-1.0,-1.0,2.0
0,32,1,3,9340.29,29.4,51.2,8.0,3,62.3,100.0,60.0,-1.0,-1.0,-1.0,82.0,2.0,0.0,490.0
1,47,1,2,34459.6,12.7,5.3,8.0,3,73.1,53.6,82.3,102.0,24.0,6071.71,-1.0,-1.0,-1.0,1.0
1,44,1,69,37617.14,19.7,20.8,10.0,3,78.3,85.2,71.4,93.2,20.0,3962.12,-1.0,-1.0,-1.0,36.0
0,43,1,42,13066.32,22.5,27.9,15.0,3,52.3,97.6,70.5,-1.0,-1.0,-1.0,100.0,5.0,0.0,72.0
0,49,0,28,11262.25,10.8,11.9,9.0,3,61.9,54.3,88.8,-1.0,-1.0,-1.0,93.2,3.0,0.0,63.0
1,22,0,44,31327.52,27.5,11.9,13.0,3,50.2,50.5,70.9,109.6,33.0,7418.11,-1.0,-1.0,-1.0,3.0
0,48,1,7,9656.67,35.5,29.1,12.0,2,50.3,89.1,81.2,-1.0,-1.0,-1.0,88.1,5.0,0.0,325.0
0,34,0,22,9714.72,11.4,23.1,18.0,4,54.0,63.9,64.3,-1.0,-1.0,-1.0,100.0,2.0,0.0,54.0
1,26,0,36,37779.43,10.2,3.5,13.0,3,53.2,50.6,86.5,104.8,30.0,7505.15,-1.0,-1.0,-1.0,0.0
0,49,0,15,10943.64,15.5,26.3,15.0,3,60.9,81.3,74.2,-1.0,-1.0,-1.0,91.2,6.0,0.0,350.0
0,27,1,2,10727.75,20.8,19.4,11.0,3,70.1,78.5,71.7,-1.0,-1.0,-1.0,94.4,4.0,0.0,300.0
0,29,0,98,13234.4,48.7,26.6,11.0,3,56.0,82.2,61.1,-1.0,-1.0,-1.0,89.2,4.0,2.0,8.0
0,34,0,1,9484.1,16.6,26.9,10.0,3,78.4,78.1,64.2,-1.0,-1.0,-1.0,94.0,7.0,0.0,20.0
1,33,1,1,35335.33,4.3,7.9,15.0,4,64.2,48.7,89.8,86.0,17.0,1684.6,-1.0,-1.0,-1.0,0.0
0,38,0,61,11719.16,21.2,21.1,10.0,4,80.4,68.0,66.2,-1.0,-1.0,-1.0,94.4,3.0,0.0,16.0
0,38,1,45,9807.66,35.2,19.0,9.0,3,74.5,71.8,73.4,-1.0,-1.0,-1.0,83.9,5.0,0.0,12.0
1,39,1,9,29804.97,9.6,8.9,15.0,3,68.0,55.7,86.1,90.6,14.0,2516.73,-1.0,-1.0,-1.0,0.0
0,29,1,17,14265.58,11.4,26.8,10.0,3,61.7,95.1,79.6,-1.0,-1.0,-1.0,88.2,1.0,0.0,45.0
0,44,1,9,11303.34,12.8,36.6,8.0,3,64.4,100.0,66.0,-1.0,-1.0,-1.0,81.9,5.0,0.0,275.0
1,34,0,11,28154.29,7.0,6.0,10.0,3,69.6,56.6,77.4,74.7,19.0,0.0,-1.0,-1.0,-1.0,24.0
1,41,1,1,37158.27,4.8,1.9,15.0,1,80.1,46.7,85.3,102.2,21.0,6588.72,-1.0,-1.0,-1.0,0.0
0,48,0,2,10757.43,22.7,13.9,17.0,3,77.5,52.2,55.9,-1.0,-1.0,-1.0,88.9,6.0,1.0,1944.0
0,23,0,60,11758.11,24.3,55.1,9.0,5,56.1,100.0,82.9,-1.0,-1.0,-1.0,100.0,0.0,0.0,468.0
0,37,0,40,12840.55,8.4,68.2,6.0,3,61.0,100.0,64.1,-1.0,-1.0,-1.0,91.6,3.0,0.0,54.0
0,40,0,28,10757.98,10.6,17.8,14.0,3,73.9,63.3,78.9,-1.0,-1.0,-1.0,99.1,5.0,0.0,150.0
1,47,0,12,35984.02,35.7,25.6,5.0,3,54.8,70.7,67.7,102.3,34.0,6428.8,-1.0,-1.0,-1.0,1.0
0,41,0,19,13012.21,34.9,32.7,15.0,3,45.4,82.2,68.3,-1.0,-1.0,-1.0,100.0,3.0,0.0,96.0
0,38,0,14,11597.22,22.2,11.3,18.0,1,69.8,63.0,73.6,-1.0,-1.0,-1.0,83.6,7.0,0.0,160.0
1,53,1,4,32848.65,14.1,7.6,16.0,4,64.4,62.3,81.4,125.1,32.0,11838.77,-1.0,-1.0,-1.0,2.0
0,43,1,51,9800.09,6.6,46.4,13.0,4,74.6,100.0,67.1,-1.0,-1.0,-1.0,99.7,0.0,0.0,12.0
0,37,1,1,9598.77,43.8,30.5,9.0,3,67.2,81.0,77.6,-1.0,-1.0,-1.0,78.5,7.0,0.0,3.0
0,55,0,102,13261.45,15.0,43.2,11.0,3,56.2,89.6,71.2,-1.0,-1.0,-1.0,85.3,2.0,0.0,225.0
1,40,1,82,37021.88,8.4,2.4,14.0,3,66.7,46.4,53.8,84.8,16.0,1432.94,-1.0,-1.0,-1.0,12.0
0,27,0,31,10578.35,50.1,30.8,15.0,4,36.7,85.4,72.9,-1.0,-1.0,-1.0,98.2,3.0,0.0,175.0
1,27,0,17,22339.67,15.4,3.0,14.0,5,56.8,43.9,77.7,120.0,25.0,7150.34,-1.0,-1.0,-1.0,1.0
0,53,1,13,13191.54,22.0,11.2,14.0,4,71.5,58.2,81.1,-1.0,-1.0,-1.0,98.6,1.0,0.0,36.0
0,38,1,67,13074.79,12.8,35.6,12.0,4,69.8,89.4,70.1,-1.0,-1.0,-1.0,95.7,1.0,0.0,96.0
0,42,0,21,10707.58,47.1,19.4,13.0,4,73.3,73.2,68.8,-1.0,-1.0,-1.0,89.7,3.0,0.0,8.0
0,32,0,78,11095.47,18.0,20.5,14.0,4,52.2,75.0,91.7,-1.0,-1.0,-1.0,91.6,3.0,0.0,72.0
1,33,1,97,35311.31,16.1,9.0,10.0,4,68.0,54.8,74.0,131.6,34.0,14564.13,-1.0,-1.0,-1.0,0.0
1,37,0,3,23137.11,10.5,1.5,8.0,3,68.1,32.4,79.3,93.9,36.0,2574.32,-1.0,-1.0,-1.0,0.0
0,30,1,1,11123.43,36.7,47.0,12.0,4,51.4,100.0,64.6,-1.0,-1.0,-1.0,85.5,3.0,0.0,784.0
0,56,0,45,12585.68,29.4,40.2,6.0,2,62.0,91.7,71.0,-1.0,-1.0,-1.0,86.8,7.0,0.0,8.0
0,28,0,99,11761.64,22.6,26.3,7.0,3,60.0,84.2,78.1,-1.0,-1.0,-1.0,82.0,4.0,0.0,80.0
1,31,1,3,31359.79,32.2,19.8,9.0,3,65.6,76.3,76.8,95.3,23.0,3846.67,-1.0,-1.0,-1.0,8.0
0,38,0,47,12684.25,46.2,15.9,9.0,4,59.7,62.1,79.0,-1.0,-1.0,-1.0,100.0,2.0,0.0,12.0
0,37,1,20,9580.26,31.5,13.8,9.0,3,61.9,50.2,81.0,-1.0,-1.0,-1.0,87.0,1.0,0.0,0.0
0,27,0,22,8925.66,30.0,24.6,13.0,3,45.5,79.5,76.8,-1.0,-1.0,-1.0,88.2,8.0,0.0,96.0
0,43,2,17,9974.85,45.6,18.6,10.0,3,61.7,72.4,73.0,-1.0,-1.0,-1.0,93.3,3.0,0.0,225.0
0,44,1,11,11677.56,29.7,11.1,14.0,4,61.2,61.3,84.3,-1.0,-1.0,-1.0,89.0,0.0,0.0,1.0
0,43,1,17,11593.4,4.8,29.9,9.0,3,60.6,84.0,78.6,-1.0,-1.0,-1.0,82.5,0.0,0.0,112.0
0,40,1,18,11348.14,16.9,24.9,7.0,2,87.0,84.5,89.0,-1.0,-1.0,-1.0,82.7,5.0,0.0,96.0
1,38,0,32,33784.86,13.6,5.4,16.0,3,76.2,55.5,92.3,87.4,25.0,2001.51,-1.0,-1.0,-1.0,1.0
0,27,0,19,10395.07,23.0,24.2,12.0,4,67.6,82.1,76.9,-1.0,-1.0,-1.0,99.9,3.0,0.0,468.0
0,51,1,62,12085.42,30.6,31.6,13.0,3,68.4,95.1,70.3,-1.0,-1.0,-1.0,90.5,5.0,0.0,250.0
1,41,1,2,31928.65,18.1,10.1,9.0,3,53.2,52.4,72.1,97.4,23.0,4434.68,-1.0,-1.0,-1.0,0.0
1,30,0,16,43020.93,9.5,11.8,10.0,3,75.9,52.5,90.8,110.9,28.0,10648.46,-1.0,-1.0,-1.0,0.0
0,32,1,99,13725.13,19.0,32.9,9.0,3,50.9,100.0,66.6,-1.0,-1.0,-1.0,99.2,5.0,0.0,80.0
0,38,0,11,9950.05,19.5,22.3,16.0,3,88.0,64.4,66.7,-1.0,-1.0,-1.0,83.3,5.0,0.0,12.0
0,39,0,39,11022.71,27.5,17.0,6.0,5,66.5,57.3,62.4,-1.0,-1.0,-1.0,92.0,1.0,0.0,1.0
1,34,0,21,31823.05,32.2,2.6,13.0,2,60.4,26.9,90.9,80.4,20.0,97.99,-1.0,-1.0,-1.0,0.0
1,39,0,51,28666.86,4.0,9.9,10.0,1,50.7,54.0,78.7,84.5,16.0,1031.64,-1.0,-1.0,-1.0,0.0
0,38,1,46,9293.47,31.8,35.3,14.0,3,59.7,80.7,74.3,-1.0,-1.0,-1.0,85.9,4.0,0.0,81.0
0,28,2,8,11948.18,15.6,43.1,9.0,4,56.3,78.1,71.6,-1.0,-1.0,-1.0,100.0,6.0,0.0,0.0
0,30,0,17,9297.51,21.6,8.6,6.0,2,70.1,63.3,81.5,-1.0,-1.0,-1.0,88.7,7.0,0.0,2.0
0,28,0,36,8859.76,22.8,16.5,6.0,4,58.9,61.0,66.6,-1.0,-1.0,-1.0,84.5,3.0,1.0,36.0
0,45,0,57,11933.31,11.3,21.6,13.0,2,56.2,66.9,71.6,-1.0,-1.0,-1.0,91.5,4.0,0.0,54.0
1,32,0,11,35396.87,6.0,5.5,10.0,4,76.4,36.6,67.9,99.0,25.0,5388.12,-1.0,-1.0,-1.0,0.0
0,46,0,14,11445.12,23.3,26.9,12.0,3,67.2,82.8,66.2,-1.0,-1.0,-1.0,99.6,3.0,0.0,432.0
1,29,1,17,31183.4,10.2,8.8,7.0,3,93.6,44.5,77.2,111.8,38.0,7932.83,-1.0,-1.0,-1.0,1.0
0,33,0,3,9861.44,22.4,28.8,14.0,3,71.3,71.2,88.5,-1.0,-1.0,-1.0,92.9,2.0,0.0,0.0
0,45,1,98,9529.61,79.3,28.9,18.0,3,55.6,93.0,66.2,-1.0,-1.0,-1.0,99.1,2.0,0.0,1536.0
1,28,0,57,28810.96,20.5,7.2,8.0,3,63.4,50.2,72.2,90.3,27.0,2374.24,-1.0,-1.0,-1.0,1.0
0,41,0,58,13298.57,27.2,28.3,22.0,4,38.4,82.1,73.0,-1.0,-1.0,-1.0,95.5,3.0,0.0,16.0
1,40,1,44,33757.24,24.1,2.9,11.0,3,63.6,37.6,72.6,63.3,12.0,0.0,-1.0,-1.0,-1.0,0.0
0,29,0,22,8745.69,17.9,33.9,15.0,4,62.0,98.2,80.9,-1.0,-1.0,-1.0,100.0,1.0,0.0,8.0
0,31,1,8,9940.81,18.2,16.0,13.0,4,64.7,61.3,75.7,-1.0,-1.0,-1.0,89.4,2.0,0.0,360.0
1,37,0,72,24115.02,7.8,5.7,15.0,4,65.5,53.7,80.3,104.2,21.0,4667.83,-1.0,-1.0,-1.0,2.0
0,48,0,2,10511.4,31.7,36.8,10.0,3,52.4,96.1,69.2,-1.0,-1.0,-1.0,93.7,3.0,0.0,2.0
0,34,1,6,13118.33,22.4,21.7,17.0,3,65.8,66.7,64.9,-1.0,-1.0,-1.0,92.1,2.0,0.0,150.0
0,40,0,7,9832.73,39.1,23.8,9.0,3,55.7,78.1,67.2,-1.0,-1.0,-1.0,82.9,4.0,0.0,325.0
0,44,0,2,12734.87,29.0,12.8,10.0,3,65.5,54.3,80.8,-1.0,-1.0,-1.0,82.7,4.0,0.0,45.0
0,33,1,20,10167.09,15.0,78.1,9.0,1,51.5,100.0,84.6,-1.0,-1.0,-1.0,79.9,10.0,0.0,125.0
0,44,0,4,12036.37,17.3,19.7,14.0,4,47.0,75.0,83.5,-1.0,-1.0,-1.0,90.0,3.0,0.0,208.0
0,35,0,5,9322.21,30.2,28.6,20.0,3,51.4,79.1,73.7,-1.0,-1.0,-1.0,97.0,6.0,0.0,72.0
0,36,0,1,11413.98,54.8,31.8,7.0,2,76.6,88.3,76.6,-1.0,-1.0,-1.0,87.9,5.0,0.0,63.0
1,50,0,11,36936.67,12.7,2.0,12.0,3,49.1,53.2,91.4,94.2,23.0,4188.72,-1.0,-1.0,-1.0,0.0
0,30,1,30,13065.21,32.2,33.0,12.0,4,71.2,100.0,60.0,-1.0,-1.0,-1.0,99.8,3.0,1.0,637.0
1,51,0,30,30904.5,7.4,4.7,12.0,4,69.6,54.6,72.5,83.9,16.0,963.24,-1.0,-1.0,-1.0,1.0
1,36,0,14,33303.37,5.9,9.3,9.0,3,71.8,55.7,82.0,107.5,24.0,7330.7,-1.0,-1.0,-1.0,12.0
1,39,0,46,32258.13,6.2,8.7,11.0,3,74.2,54.4,68.5,67.7,20.0,0.0,-1.0,-1.0,-1.0,8.0
1,47,1,20,23952.4,8.4,4.1,11.0,3,68.7,46.3,74.8,77.9,27.0,0.0,-1.0,-1.0,-1.0,1.0
1,36,0,5,27925.66,15.3,2.8,16.0,3,58.1,36.3,78.1,109.6,22.0,6615.74,-1.0,-1.0,-1.0,0.0
0,30,1,36,13284.86,29.9,10.8,5.0,3,57.7,54.3,69.9,-1.0,-1.0,-1.0,92.7,4.0,0.0,12.0
0,33,0,17,13698.91,55.1,12.6,7.0,4,63.1,51.9,77.2,-1.0,-1.0,-1.0,86.5,3.0,0.0,45.0
0,34,0,5,10952.72,11.8,25.6,9.0,5,65.3,67.4,63.5,-1.0,-1.0,-1.0,90.9,1.0,0.0,400.0
0,43,1,4,10294.89,32.3,18.2,10.0,3,68.4,63.0,85.4,-1.0,-1.0,-1.0,88.0,2.0,0.0,45.0
0,38,1,3,11759.24,45.6,21.2,17.0,3,88.1,63.5,82.9,-1.0,-1.0,-1.0,83.8,4.0,0.0,1.0
0,42,0,14,12755.3,23.6,35.0,12.0,3,52.9,89.4,64.3,-1.0,-1.0,-1.0,90.9,3.0,0.0,225.0
0,36,1,19,14956.54,24.9,12.8,5.0,2,75.4,62.1,78.1,-1.0,-1.0,-1.0,78.8,2.0,0.0,441.0
0,45,0,5,10595.07,8.6,21.2,13.0,2,68.0,54.0,80.4,-1.0,-1.0,-1.0,86.7,5.0,0.0,16.0
0,33,1,5,8199.1,45.2,27.2,6.0,3,60.5,76.5,73.8,-1.0,-1.0,-1.0,93.3,4.0,0.0,99.0
0,30,0,5,10392.96,26.3,43.4,14.0,3,64.2,100.0,63.9,-1.0,-1.0,-1.0,89.5,4.0,0.0,250.0
0,43,0,16,9115.24,32.7,33.9,7.0,3,63.3,85.4,74.6,-1.0,-1.0,-1.0,78.8,7.0,0.0,24.0
1,35,0,15,31762.51,15.1,8.2,11.0,2,65.1,52.4,67.0,106.0,26.0,6594.74,-1.0,-1.0,-1.0,8.0
0,44,1,3,9951.28,21.9,41.9,7.0,4,62.3,100.0,63.2,-1.0,-1.0,-1.0,90.0,3.0,0.0,160.0
1,20,0,24,38677.85,11.1,4.5,11.0,2,99.2,36.1,89.2,87.1,31.0,2190.71,-1.0,-1.0,-1.0,0.0
0,53,0,3,12181.9,27.7,27.5,16.0,3,53.1,91.9,64.6,-1.0,-1.0,-1.0,86.5,3.0,0.0,54.0
1,31,0,156,29370.97,4.7,2.2,14.0,3,57.9,38.4,79.3,87.3,27.0,1720.53,-1.0,-1.0,-1.0,0.0
0,48,0,8,11265.33,26.3,17.4,8.0,3,81.9,70.5,89.5,-1.0,-1.0,-1.0,84.1,5.0,0.0,12.0
0,29,0,22,11176.37,41.8,27.2,7.0,3,84.0,70.2,60.2,-1.0,-1.0,-1.0,93.8,2.0,0.0,1216.0
1,42,0,23,28957.05,12.8,0.6,11.0,2,70.1,39.9,71.5,102.8,31.0,5288.94,-1.0,-1.0,-1.0,1.0
0,47,1,1,12895.78,38.2,19.6,13.0,4,56.5,69.0,62.6,-1.0,-1.0,-1.0,91.9,1.0,0.0,45.0
0,30,1,56,10627.21,61.6,3.2,10.0,3,73.7,48.3,75.9,-1.0,-1.0,-1.0,87.5,4.0,0.0,20.0
0,33,1,1,11131.95,8.8,20.6,12.0,2,79.6,67.1,61.8,-1.0,-1.0,-1.0,84.4,5.0,1.0,612.0
1,57,1,18,20419.28,11.6,11.8,11.0,1,57.7,63.9,70.8,66.9,14.0,0.0,-1.0,-1.0,-1.0,8.0
0,33,0,23,10233.95,37.9,11.8,18.0,3,61.5,59.6,66.4,-1.0,-1.0,-1.0,84.7,1.0,0.0,0.0
0,23,0,60,11799.81,14.1,15.7,13.0,4,69.8,65.0,86.5,-1.0,-1.0,-1.0,89.8,1.0,0.0,8.0
0,49,1,3,9417.34,11.1,15.7,9.0,3,85.8,55.7,76.1,-1.0,-1.0,-1.0,95.5,2.0,0.0,0.0
0,27,0,10,11072.58,15.0,37.3,12.0,2,58.4,89.3,79.8,-1.0,-1.0,-1.0,86.8,1.0,0.0,324.0
0,42,0,37,12478.17,11.7,11.1,9.0,4,62.6,56.1,68.3,-1.0,-1.0,-1.0,100.0,1.0,1.0,16.0
0,49,0,9,10562.46,10.4,44.3,17.0,4,65.6,100.0,87.1,-1.0,-1.0,-1.0,91.0,6.0,0.0,12.0
0,30,0,10,8850.58,31.4,32.3,9.0,2,58.5,95.9,64.1,-1.0,-1.0,-1.0,81.6,5.0,0.0,175.0
0,28,1,102,10201.05,16.7,33.9,12.0,3,77.4,93.5,62.5,-1.0,-1.0,-1.0,91.8,2.0,0.0,96.0
0,53,0,13,8974.63,29.7,28.1,14.0,3,44.4,72.6,79.6,-1.0,-1.0,-1.0,100.0,6.0,0.0,45.0
0,33,1,45,8253.85,24.4,62.5,11.0,3,51.4,100.0,74.5,-1.0,-1.0,-1.0,91.4,2.0,1.0,5.0
0,28,0,6,10766.48,28.9,43.1,17.0,4,62.5,100.0,68.3,-1.0,-1.0,-1.0,94.2,3.0,0.0,96.0
0,44,1,11,12775.32,11.1,18.9,9.0,1,69.6,79.0,74.0,-1.0,-1.0,-1.0,88.5,5.0,0.0,1.0
1,39,1,10,36982.62,8.2,10.1,10.0,3,70.2,51.9,84.8,90.5,21.0,3120.85,-1.0,-1.0,-1.0,0.0
1,33,1,42,24459.06,5.9,2.3,10.0,4,63.7,45.8,82.3,102.3,21.0,4368.61,-1.0,-1.0,-1.0,0.0
0,33,1,2,10696.22,24.1,40.0,10.0,2,66.7,100.0,52.0,-1.0,-1.0,-1.0,89.4,5.0,1.0,90.0
1,46,0,37,35538.57,9.0,17.6,8.0,3,57.3,73.1,72.2,104.3,14.0,6922.42,-1.0,-1.0,-1.0,2.0
1,27,1,82,34758.7,16.3,28.9,11.0,3,45.8,85.1,67.6,97.0,23.0,4731.93,-1.0,-1.0,-1.0,45.0
0,30,0,14,12231.45,35.3,5.6,14.0,3,59.9,48.1,68.3,-1.0,-1.0,-1.0,92.4,4.0,0.0,96.0
1,47,0,28,30321.11,14.1,8.7,14.0,1,62.1,54.6,76.9,88.3,18.0,2006.34,-1.0,-1.0,-1.0,0.0
0,26,0,39,10737.77,13.6,17.9,15.0,3,53.3,58.7,68.7,-1.0,-1.0,-1.0,85.0,2.0,0.0,1.0
0,40,0,83,9712.46,31.1,35.0,12.0,3,50.9,93.9,58.6,-1.0,-1.0,-1.0,92.2,1.0,0.0,128.0
1,26,1,96,22436.47,16.5,2.6,14.0,3,58.3,44.4,69.4,89.9,26.0,1775.06,-1.0,-1.0,-1.0,20.0
0,37,1,38,10797.8,14.8,35.1,6.0,3,61.2,95.8,60.7,-1.0,-1.0,-1.0,95.4,5.0,0.0,396.0
0,27,0,22,12111.24,16.6,9.2,7.0,3,79.9,54.9,88.8,-1.0,-1.0,-1.0,94.6,2.0,0.0,0.0
1,46,0,18,36901.31,47.2,17.3,13.0,2,63.3,63.3,75.1,75.4,26.0,0.0,-1.0,-1.0,-1.0,0.0
0,26,1,10,10766.27,20.0,50.3,4.0,3,61.5,100.0,55.0,-1.0,-1.0,-1.0,93.9,7.0,0.0,200.0
0,36,0,4,11184.1,16.1,9.5,11.0,3,55.1,51.8,79.9,-1.0,-1.0,-1.0,88.2,1.0,0.0,20.0
0,33,0,30,10653.4,25.4,21.2,11.0,2,75.6,73.6,74.6,-1.0,-1.0,-1.0,86.6,4.0,0.0,1.0
0,42,1,40,11022.54,27.4,31.5,11.0,3,63.6,93.7,59.2,-1.0,-1.0,-1.0,87.4,4.0,0.0,8.0
0,30,1,77,11396.38,21.5,31.4,6.0,4,72.7,87.5,75.5,-1.0,-1.0,-1.0,92.7,3.0,0.0,63.0
0,39,1,33,9931.7,16.3,23.9,12.0,3,58.4,80.2,60.7,-1.0,-1.0,-1.0,90.0,3.0,0.0,63.0
0,35,0,2,13213.03,40.1,38.0,11.0,4,49.3,100.0,62.4,-1.0,-1.0,-1.0,94.4,1.0,0.0,432.0
0,25,1,16,10434.43,18.2,24.0,17.0,3,70.3,88.6,81.2,-1.0,-1.0,-1.0,92.9,1.0,0.0,81.0
0,50,0,43,12332.99,16.5,30.9,9.0,3,63.1,79.0,70.3,-1.0,-1.0,-1.0,90.4,6.0,0.0,144.0
0,32,0,29,11264.73,27.6,42.0,10.0,3,38.5,94.3,65.9,-1.0,-1.0,-1.0,83.0,4.0,0.0,112.0
0,33,0,48,10502.2,25.6,28.1,7.0,1,51.3,86.2,64.5,-1.0,-1.0,-1.0,87.6,6.0,0.0,539.0
0,33,1,27,9583.81,32.6,26.5,10.0,3,68.2,78.6,75.7,-1.0,-1.0,-1.0,89.1,2.0,0.0,3.0
0,51,1,72,10381.38,15.4,14.6,11.0,2,62.0,62.5,69.0,-1.0,-1.0,-1.0,80.4,10.0,0.0,1944.0
1,31,0,3,26693.53,13.0,9.3,12.0,2,69.0,53.0,78.3,75.8,16.0,0.0,-1.0,-1.0,-1.0,0.0
1,46,1,41,32747.1,11.1,2.3,10.0,3,69.1,33.0,82.1,108.4,32.0,7427.38,-1.0,-1.0,-1.0,0.0
0,52,1,23,13455.11,28.7,23.7,10.0,3,55.8,78.7,59.6,-1.0,-1.0,-1.0,89.2,3.0,0.0,63.0
1,25,1,64,34882.26,4.4,2.9,10.0,5,57.4,50.3,80.9,98.4,19.0,5134.44,-1.0,-1.0,-1.0,0.0
0,29,0,67,11534.0,24.6,58.1,13.0,2,43.3,100.0,61.1,-1.0,-1.0,-1.0,94.1,2.0,0.0,28.0
0,36,0,72,10198.38,8.9,15.5,12.0,4,77.8,60.7,79.7,-1.0,-1.0,-1.0,88.9,0.0,0.0,36.0
1,35,0,7,31206.74,15.2,3.6,6.0,3,34.6,57.5,76.2,115.8,21.0,8942.44,-1.0,-1.0,-1.0,1.0
1,30,0,11,37916.62,32.2,16.7,12.0,2,69.7,60.2,62.8,89.1,17.0,2772.31,-1.0,-1.0,-1.0,16.0
1,47,1,66,42608.16,38.7,4.6,21.0,3,64.2,41.6,79.7,93.9,19.0,4753.78,-1.0,-1.0,-1.0,3.0
0,21,1,12,8814.98,17.5,26.9,4.0,4,70.1,77.9,80.8,-1.0,-1.0,-1.0,98.3,2.0,0.0,90.0
0,33,0,61,11385.13,15.2,54.6,10.0,3,51.7,100.0,77.5,-1.0,-1.0,-1.0,89.1,6.0,0.0,224.0
0,42,0,96,10206.0,26.3,21.9,13.0,3,45.4,72.2,68.0,-1.0,-1.0,-1.0,88.2,2.0,0.0,8.0
1,35,0,26,37796.91,23.0,8.8,13.0,3,76.5,67.6,68.3,105.8,35.0,7790.42,-1.0,-1.0,-1.0,12.0
0,28,0,89,9841.38,33.9,28.3,12.0,3,51.5,77.3,74.8,-1.0,-1.0,-1.0,90.1,3.0,0.0,36.0
0,39,0,36,10455.3,33.3,42.3,12.0,3,66.9,91.8,76.9,-1.0,-1.0,-1.0,93.2,3.0,0.0,20.0
0,35,0,17,12022.45,22.2,39.1,13.0,4,80.6,87.2,73.4,-1.0,-1.0,-1.0,80.2,1.0,0.0,1134.0
1,33,0,31,39509.76,25.7,6.9,7.0,3,72.3,44.9,86.8,87.4,12.0,2337.26,-1.0,-1.0,-1.0,1.0
1,47,1,50,35292.72,37.4,0.7,14.0,2,73.3,37.2,66.7,61.2,13.0,0.0,-1.0,-1.0,-1.0,0.0
0,49,0,88,13975.08,19.9,40.8,12.0,3,64.6,99.1,73.5,-1.0,-1.0,-1.0,87.9,1.0,0.0,20.0
0,46,1,49,8446.8,14.1,31.9,11.0,5,60.0,79.5,69.3,-1.0,-1.0,-1.0,100.0,1.0,1.0,2.0
0,30,0,10,12859.38,17.8,49.5,18.0,2,53.1,100.0,77.3,-1.0,-1.0,-1.0,87.0,2.0,0.0,176.0
0,42,0,24,8554.16,22.6,19.8,10.0,3,63.1,74.4,77.4,-1.0,-1.0,-1.0,86.6,3.0,0.0,27.0
0,36,0,5,11368.11,24.8,16.4,14.0,3,46.4,69.3,75.1,-1.0,-1.0,-1.0,87.3,3.0,0.0,80.0
1,28,1,64,35575.04,12.0,8.0,8.0,4,54.2,54.6,68.1,104.0,27.0,6831.44,-1.0,-1.0,-1.0,0.0
0,24,0,15,13351.33,19.6,30.4,10.0,4,77.3,88.1,83.2,-1.0,-1.0,-1.0,89.9,6.0,0.0,8.0
0,45,0,8,10747.83,24.4,9.3,9.0,4,54.0,47.9,95.8,-1.0,-1.0,-1.0,93.6,4.0,0.0,1.0
0,29,1,1,11343.61,36.8,47.7,13.0,3,69.2,100.0,80.8,-1.0,-1.0,-1.0,89.2,2.0,1.0,686.0
1,49,1,50,39949.19,18.6,4.1,14.0,3,72.0,48.4,82.8,83.6,25.0,1142.23,-1.0,-1.0,-1.0,0.0
0,26,1,77,14484.9,18.0,13.9,11.0,4,40.6,51.3,70.7,-1.0,-1.0,-1.0,91.5,4.0,0.0,12.0
0,23,1,12,14246.01,12.2,47.2,15.0,3,40.5,100.0,72.9,-1.0,-1.0,-1.0,89.1,4.0,0.0,225.0
0,25,0,19,12460.86,35.4,27.2,9.0,3,76.1,86.0,66.4,-1.0,-1.0,-1.0,95.7,3.0,1.0,36.0
0,46,0,2,11215.13,8.0,10.9,15.0,3,66.9,50.6,82.2,-1.0,-1.0,-1.0,91.8,3.0,0.0,117.0
1,40,1,57,28768.86,33.7,2.5,11.0,4,65.4,46.9,77.2,104.5,28.0,5629.1,-1.0,-1.0,-1.0,96.0
0,30,0,3,11353.08,10.0,7.2,17.0,3,57.9,47.1,75.9,-1.0,-1.0,-1.0,97.6,2.0,0.0,54.0
0,26,0,36,11023.53,14.6,32.1,13.0,3,66.4,87.0,69.5,-1.0,-1.0,-1.0,88.9,4.0,0.0,8.0
0,45,0,2,9493.92,11.0,4.6,14.0,4,77.5,42.5,96.3,-1.0,-1.0,-1.0,100.0,3.0,0.0,0.0
0,43,1,41,12495.64,14.3,25.9,13.0,3,43.4,80.3,74.1,-1.0,-1.0,-1.0,95.8,5.0,0.0,175.0
1,39,0,37,31119.44,14.0,0.8,12.0,3,65.1,35.4,82.4,78.2,29.0,0.0,-1.0,-1.0,-1.0,0.0
0,33,0,41,12145.16,38.4,53.9,12.0,3,52.9,100.0,75.6,-1.0,-1.0,-1.0,87.7,1.0,0.0,200.0
0,39,2,48,9165.17,42.8,13.2,6.0,3,65.2,55.6,75.3,-1.0,-1.0,-1.0,85.6,1.0,0.0,1.0
0,30,0,11,11587.51,56.6,49.4,6.0,2,67.9,100.0,64.9,-1.0,-1.0,-1.0,80.8,3.0,0.0,396.0
0,35,0,54,10709.99,34.0,22.3,11.0,4,65.3,76.4,80.0,-1.0,-1.0,-1.0,85.7,1.0,0.0,0.0
1,58,0,18,27517.07,18.6,2.5,13.0,3,49.0,57.1,86.4,82.2,21.0,489.68,-1.0,-1.0,-1.0,12.0
0,47,0,1,10957.13,17.7,35.3,8.0,2,46.3,92.0,84.8,-1.0,-1.0,-1.0,87.5,5.0,1.0,176.0
0,33,0,68,9624.67,22.4,9.8,15.0,3,53.1,57.2,68.1,-1.0,-1.0,-1.0,79.9,3.0,0.0,54.0
1,38,1,41,25334.36,6.4,11.9,7.0,4,68.8,62.5,84.7,100.1,25.0,4066.83,-1.0,-1.0,-1.0,0.0
1,32,1,39,36432.59,11.9,4.5,10.0,4,66.2,58.0,59.2,109.8,28.0,8684.15,-1.0,-1.0,-1.0,28.0
0,32,0,36,10782.74,15.1,41.6,11.0,2,66.1,100.0,74.1,-1.0,-1.0,-1.0,82.0,3.0,0.0,176.0
0,28,0,37,10393.63,25.2,35.7,11.0,3,49.5,91.6,65.8,-1.0,-1.0,-1.0,94.4,3.0,0.0,8.0
0,30,0,79,12053.99,23.9,30.0,12.0,2,44.2,87.2,77.9,-1.0,-1.0,-1.0,92.1,2.0,0.0,90.0
0,27,1,3,10015.06,33.6,77.9,18.0,4,76.8,100.0,77.9,-1.0,-1.0,-1.0,93.0,2.0,0.0,16.0
0,50,0,12,13480.43,41.0,17.1,15.0,4,59.0,59.7,65.8,-1.0,-1.0,-1.0,99.7,1.0,1.0,8.0
0,46,0,1,12237.65,13.5,21.6,16.0,4,49.6,70.4,77.3,-1.0,-1.0,-1.0,85.9,3.0,0.0,8.0
0,27,1,14,10024.53,29.8,21.6,15.0,4,68.7,73.9,72.5,-1.0,-1.0,-1.0,85.2,3.0,0.0,192.0
0,33,0,41,8640.52,12.0,12.8,7.0,3,45.2,54.9,71.2,-1.0,-1.0,-1.0,94.6,3.0,0.0,1.0
1,22,1,25,26184.79,15.1,21.4,17.0,4,65.4,71.7,63.7,103.4,30.0,4891.78,-1.0,-1.0,-1.0,0.0
1,49,0,10,28568.32,7.6,21.3,8.0,2,61.7,73.7,83.4,98.3,24.0,4192.55,-1.0,-1.0,-1.0,45.0
1,37,1,5,27076.73,7.9,24.1,11.0,5,49.5,77.7,79.2,120.0,32.0,8674.22,-1.0,-1.0,-1.0,63.0
0,52,0,8,13588.54,23.4,22.8,6.0,3,57.8,87.0,77.0,-1.0,-1.0,-1.0,85.8,1.0,0.0,36.0
0,49,0,27,9663.73,25.4,12.5,18.0,3,61.9,59.7,73.2,-1.0,-1.0,-1.0,91.8,1.0,0.0,63.0
0,38,2,51,9189.47,11.8,46.7,7.0,2,58.5,100.0,59.1,-1.0,-1.0,-1.0,89.4,2.0,0.0,128.0
1,58,1,15,26466.34,24.0,9.1,11.0,3,66.5,48.6,74.7,98.3,26.0,3871.7,-1.0,-1.0,-1.0,8.0
1,33,1,27,33236.36,22.0,4.5,10.0,4,66.6,49.8,90.0,101.1,33.0,5623.16,-1.0,-1.0,-1.0,1.0
0,50,0,150,10625.46,18.0,46.6,13.0,4,81.8,100.0,69.5,-1.0,-1.0,-1.0,100.0,1.0,0.0,360.0
1,26,0,10,28896.33,8.4,6.3,11.0,3,79.5,53.4,83.9,107.7,27.0,6404.5,-1.0,-1.0,-1.0,1.0
1,38,0,92,35436.19,27.5,7.5,10.0,5,62.8,45.5,58.5,125.5,29.0,12906.48,-1.0,-1.0,-1.0,0.0
0,38,1,26,10781.98,26.2,16.1,10.0,4,80.1,55.3,77.7,-1.0,-1.0,-1.0,93.6,2.0,0.0,112.0
0,28,1,14,13526.79,11.8,31.1,8.0,2,66.9,90.0,82.2,-1.0,-1.0,-1.0,89.2,5.0,0.0,176.0
0,21,0,9,9866.07,26.4,59.7,8.0,4,60.7,100.0,76.6,-1.0,-1.0,-1.0,92.1,0.0,0.0,150.0
0,32,0,17,10573.77,40.4,37.8,9.0,4,53.9,86.6,73.2,-1.0,-1.0,-1.0,85.3,0.0,0.0,475.0
0,43,1,34,9113.2,29.0,20.5,14.0,4,52.8,74.7,74.3,-1.0,-1.0,-1.0,89.2,2.0,0.0,2.0
0,53,2,1,10878.93,23.6,32.3,12.0,3,57.8,88.3,75.7,-1.0,-1.0,-1.0,86.2,2.0,0.0,612.0
0,37,1,38,11508.14,20.6,39.0,9.0,3,48.9,98.4,57.2,-1.0,-1.0,-1.0,95.7,6.0,0.0,250.0
0,37,0,160,10009.96,46.7,9.9,12.0,2,78.6,37.6,89.9,-1.0,-1.0,-1.0,89.2,2.0,0.0,0.0
1,24,0,15,29017.91,5.0,2.1,8.0,5,64.3,39.9,83.3,104.7,28.0,5730.86,-1.0,-1.0,-1.0,0.0
0,30,0,27,8072.6,16.7,24.5,14.0,3,67.6,69.2,65.4,-1.0,-1.0,-1.0,90.3,1.0,0.0,112.0
0,48,0,13,10305.59,11.6,45.4,9.0,2,51.2,100.0,61.0,-1.0,-1.0,-1.0,87.2,5.0,0.0,36.0
0,30,1,112,11296.87,12.1,18.5,12.0,3,81.3,63.6,84.5,-1.0,-1.0,-1.0,91.4,1.0,0.0,12.0
0,42,1,12,11547.69,11.0,56.7,17.0,3,60.9,100.0,80.1,-1.0,-1.0,-1.0,93.6,2.0,0.0,200.0
0,23,0,1,13273.12,38.0,12.4,8.0,3,67.2,57.5,87.0,-1.0,-1.0,-1.0,95.8,4.0,0.0,8.0
0,38,0,10,10048.09,35.5,19.4,10.0,4,73.6,69.7,66.7,-1.0,-1.0,-1.0,94.7,2.0,0.0,16.0
1,25,0,10,27389.06,17.0,9.0,12.0,4,65.7,56.0,71.3,96.1,25.0,3521.41,-1.0,-1.0,-1.0,0.0
0,36,0,12,11481.4,16.5,16.3,12.0,2,61.4,53.1,71.1,-1.0,-1.0,-1.0,79.2,6.0,0.0,36.0
0,30,1,4,13040.17,29.4,35.1,8.0,3,59.5,96.8,66.2,-1.0,-1.0,-1.0,92.5,2.0,2.0,350.0
0,44,1,23,9030.55,26.8,18.9,12.0,4,62.9,71.4,76.4,-1.0,-1.0,-1.0,93.9,1.0,0.0,72.0
1,31,1,18,34356.96,26.6,1.9,12.0,3,72.2,30.1,85.1,85.9,22.0,1609.43,-1.0,-1.0,-1.0,0.0
1,39,1,48,34283.77,6.6,6.7,11.0,3,61.1,43.2,66.0,92.0,23.0,3301.22,-1.0,-1.0,-1.0,0.0
0,39,1,29,9318.77,22.4,16.1,12.0,1,62.7,66.9,82.8,-1.0,-1.0,-1.0,75.7,7.0,0.0,36.0
0,45,0,1,10379.16,6.5,37.9,16.0,4,53.5,100.0,76.0,-1.0,-1.0,-1.0,91.7,3.0,1.0,80.0
0,30,1,18,10409.58,22.4,23.7,9.0,3,60.6,81.6,69.6,-1.0,-1.0,-1.0,86.4,2.0,0.0,32.0
0,34,1,73,9833.69,26.8,23.9,12.0,3,62.7,80.4,70.8,-1.0,-1.0,-1.0,90.0,4.0,0.0,128.0
0,53,0,21,12587.73,9.2,4.7,11.0,4,67.0,39.0,69.8,-1.0,-1.0,-1.0,98.5,2.0,0.0,1.0
0,33,0,16,10258.47,7.2,10.5,14.0,4,57.8,48.9,72.3,-1.0,-1.0,-1.0,93.9,3.0,0.0,16.0
1,41,1,37,37709.27,18.2,9.6,13.0,1,61.3,54.3,75.5,79.3,21.0,0.0,-1.0,-1.0,-1.0,0.0
0,43,1,11,12463.82,8.7,32.9,13.0,3,49.8,100.0,66.9,-1.0,-1.0,-1.0,93.2,1.0,0.0,175.0
1,26,1,20,30522.49,13.4,1.1,13.0,3,70.8,38.2,83.5,96.7,23.0,4065.72,-1.0,-1.0,-1.0,1.0
0,30,1,24,10157.66,19.6,46.1,13.0,2,64.9,100.0,84.0,-1.0,-1.0,-1.0,91.9,7.0,0.0,175.0
0,34,0,38,13501.07,17.6,30.8,9.0,4,74.8,88.7,75.5,-1.0,-1.0,-1.0,89.8,1.0,0.0,160.0
0,37,1,15,9307.91,45.1,6.2,17.0,3,64.2,39.6,88.3,-1.0,-1.0,-1.0,92.3,1.0,0.0,12.0
0,47,0,3,10175.59,28.8,31.9,8.0,3,55.9,78.4,57.9,-1.0,-1.0,-1.0,86.2,2.0,0.0,72.0
0,29,1,48,10801.75,22.8,13.8,13.0,5,70.7,45.7,73.8,-1.0,-1.0,-1.0,100.0,2.0,0.0,4.0
1,49,0,73,32157.46,19.8,4.5,8.0,3,69.1,50.8,61.2,76.6,13.0,0.0,-1.0,-1.0,-1.0,0.0
1,29,0,41,34529.37,6.5,13.8,14.0,3,65.6,80.9,56.8,91.9,27.0,3298.02,-1.0,-1.0,-1.0,80.0
0,49,1,76,11146.87,13.2,34.6,15.0,2,74.4,97.8,72.5,-1.0,-1.0,-1.0,85.4,9.0,0.0,12.0
0,40,0,18,11774.97,8.5,90.9,8.0,3,56.5,100.0,76.8,-1.0,-1.0,-1.0,79.7,1.0,0.0,0.0
1,27,1,5,32503.96,3.6,8.5,12.0,3,56.6,57.3,87.1,99.1,21.0,4959.15,-1.0,-1.0,-1.0,5.0
1,40,1,6,39420.58,16.5,11.8,13.0,3,79.6,57.9,73.5,102.7,25.0,7151.3,-1.0,-1.0,-1.0,0.0
0,35,1,39,10347.13,19.7,15.3,8.0,3,67.0,60.7,75.7,-1.0,-1.0,-1.0,82.3,7.0,0.0,27.0
0,52,0,13,12309.14,49.1,18.8,12.0,1,59.3,72.5,60.0,-1.0,-1.0,-1.0,75.5,5.0,1.0,72.0
0,33,1,20,13851.68,13.9,19.7,14.0,5,46.8,83.4,70.4,-1.0,-1.0,-1.0,85.8,0.0,0.0,96.0
1,35,1,20,27953.1,22.8,14.3,12.0,3,34.4,61.1,84.5,92.3,35.0,2740.71,-1.0,-1.0,-1.0,0.0
0,27,0,17,10077.84,20.5,26.4,19.0,3,57.6,71.0,73.4,-1.0,-1.0,-1.0,91.6,3.0,0.0,12.0
0,33,1,2,10874.93,33.1,28.4,11.0,4,58.5,77.2,65.3,-1.0,-1.0,-1.0,97.6,0.0,0.0,63.0
0,51,0,37,9459.12,8.3,56.8,9.0,3,37.4,100.0,80.0,-1.0,-1.0,-1.0,88.1,1.0,0.0,1.0
0,45,0,19,14015.01,15.4,15.6,15.0,3,76.9,70.5,82.1,-1.0,-1.0,-1.0,90.7,4.0,0.0,1.0
0,28,1,12,12040.22,17.8,17.2,13.0,4,51.8,61.6,77.1,-1.0,-1.0,-1.0,93.7,1.0,0.0,45.0
0,25,0,27,11143.6,15.9,12.2,9.0,3,62.6,66.3,79.9,-1.0,-1.0,-1.0,83.3,4.0,0.0,144.0
0,46,0,12,13426.58,31.2,25.1,13.0,4,59.8,75.1,67.9,-1.0,-1.0,-1.0,97.1,4.0,0.0,12.0
1,30,1,4,34141.58,14.0,5.9,8.0,5,50.9,56.7,67.2,102.7,39.0,6200.42,-1.0,-1.0,-1.0,0.0
0,48,0,22,11059.17,11.3,25.7,6.0,3,78.6,80.1,73.4,-1.0,-1.0,-1.0,89.4,5.0,0.0,96.0
0,47,0,60,9403.63,15.8,33.1,13.0,3,63.3,75.7,72.9,-1.0,-1.0,-1.0,92.3,4.0,0.0,300.0
0,33,0,14,10899.04,29.0,15.2,17.0,4,55.2,75.5,74.4,-1.0,-1.0,-1.0,100.0,2.0,0.0,28.0
0,28,0,55,8983.03,24.5,79.7,14.0,4,54.1,100.0,78.0,-1.0,-1.0,-1.0,100.0,4.0,0.0,250.0
0,45,0,9,11541.54,35.1,48.5,9.0,3,44.9,100.0,94.4,-1.0,-1.0,-1.0,94.1,1.0,0.0,12.0
0,53,1,18,12625.37,18.4,9.3,12.0,4,66.4,62.5,81.9,-1.0,-1.0,-1.0,97.8,1.0,0.0,1.0
1,51,1,36,29665.55,8.8,3.1,14.0,4,66.2,40.8,79.1,93.7,23.0,3243.28,-1.0,-1.0,-1.0,0.0
0,27,0,6,8383.5,29.4,6.7,5.0,3,83.2,25.9,88.5,-1.0,-1.0,-1.0,86.1,2.0,0.0,0.0
0,36,0,27,10420.52,5.1,37.7,11.0,3,58.1,100.0,61.5,-1.0,-1.0,-1.0,93.5,2.0,0.0,504.0
0,43,0,23,9446.59,33.8,48.1,7.0,1,72.5,100.0,70.6,-1.0,-1.0,-1.0,90.5,6.0,0.0,27.0
0,34,0,6,11771.57,34.9,21.3,19.0,2,52.4,62.0,76.6,-1.0,-1.0,-1.0,80.0,1.0,0.0,16.0
0,38,1,60,11048.5,24.5,12.8,14.0,2,60.0,58.6,65.4,-1.0,-1.0,-1.0,81.0,4.0,0.0,16.0
1,45,0,11,26913.38,10.4,6.7,5.0,4,76.4,48.4,89.6,105.6,31.0,5513.27,-1.0,-1.0,-1.0,0.0
1,35,0,180,25359.9,13.1,11.3,14.0,4,61.5,51.8,57.3,105.3,28.0,5131.66,-1.0,-1.0,-1.0,112.0
0,49,0,13,12278.27,39.7,29.3,17.0,3,65.2,91.4,69.2,-1.0,-1.0,-1.0,96.5,1.0,0.0,12.0
0,28,1,120,10564.34,27.5,30.5,10.0,2,71.2,85.0,67.5,-1.0,-1.0,-1.0,89.1,4.0,0.0,275.0
0,31,0,13,10510.03,23.0,7.6,14.0,3,89.6,41.0,87.9,-1.0,-1.0,-1.0,85.0,6.0,0.0,12.0
1,45,0,11,33027.43,10.2,4.0,10.0,4,56.7,48.9,66.6,104.4,39.0,6447.25,-1.0,-1.0,-1.0,1.0
0,45,0,15,11021.22,19.2,17.0,11.0,5,76.5,63.4,75.8,-1.0,-1.0,-1.0,93.4,0.0,0.0,24.0
0,33,0,9,12553.6,31.8,9.6,7.0,2,65.9,47.6,78.7,-1.0,-1.0,-1.0,81.7,2.0,0.0,8.0
0,37,1,2,10948.22,22.1,32.8,16.0,2,61.3,92.5,76.4,-1.0,-1.0,-1.0,82.7,8.0,0.0,396.0
0,46,1,9,10604.83,14.8,27.2,10.0,4,61.8,88.1,66.9,-1.0,-1.0,-1.0,83.5,2.0,0.0,72.0
0,32,0,58,8000.0,24.4,19.1,15.0,2,58.5,75.9,78.5,-1.0,-1.0,-1.0,86.5,7.0,0.0,112.0
0,42,0,4,12320.43,25.8,6.8,8.0,3,69.8,47.8,89.5,-1.0,-1.0,-1.0,93.1,1.0,0.0,1.0
1,33,0,18,43827.04,6.3,6.1,13.0,2,66.4,44.2,75.1,81.8,20.0,625.49,-1.0,-1.0,-1.0,24.0
0,36,0,3,11052.3,53.8,11.9,13.0,5,53.3,43.7,69.8,-1.0,-1.0,-1.0,100.0,0.0,0.0,0.0
1,41,0,8,36272.63,4.4,11.8,8.0,3,73.5,59.7,63.0,97.9,24.0,5189.48,-1.0,-1.0,-1.0,1.0
0,38,0,1,12062.32,24.8,31.2,17.0,3,74.2,85.2,75.4,-1.0,-1.0,-1.0,97.0,6.0,0.0,54.0
0,36,0,19,13306.33,35.6,28.5,13.0,3,64.2,81.0,78.3,-1.0,-1.0,-1.0,95.4,6.0,0.0,392.0
1,36,1,28,27507.66,8.7,11.0,8.0,2,64.8,56.2,83.2,84.9,19.0,1068.42,-1.0,-1.0,-1.0,4.0
1,51,1,10,33333.5,9.0,7.9,8.0,4,54.0,51.9,59.9,92.1,26.0,3214.12,-1.0,-1.0,-1.0,2.0
0,33,0,46,10798.97,22.2,9.8,10.0,5,62.7,57.8,81.3,-1.0,-1.0,-1.0,88.7,1.0,0.0,36.0
0,26,2,20,10547.63,29.4,35.1,11.0,5,54.1,100.0,69.9,-1.0,-1.0,-1.0,96.0,3.0,0.0,45.0
1,32,0,43,37218.57,14.4,11.5,9.0,3,80.6,44.9,89.0,94.2,29.0,4240.91,-1.0,-1.0,-1.0,0.0
1,36,0,6,38217.35,33.6,8.4,10.0,3,73.5,61.9,80.4,115.6,24.0,10888.14,-1.0,-1.0,-1.0,1.0
0,40,1,30,9775.77,9.2,25.8,9.0,3,77.5,68.3,70.6,-1.0,-1.0,-1.0,93.0,3.0,0.0,128.0
0,39,0,9,9709.42,6.8,43.0,12.0,3,72.4,100.0,84.2,-1.0,-1.0,-1.0,85.2,3.0,0.0,1176.0
1,28,1,22,43690.06,11.5,17.8,5.0,1,66.5,69.5,78.7,76.4,19.0,0.0,-1.0,-1.0,-1.0,2.0
0,37,1,22,10954.4,20.8,31.4,13.0,3,64.2,91.0,71.2,-1.0,-1.0,-1.0,93.7,1.0,0.0,144.0
0,40,0,58,10910.52,35.1,8.0,14.0,3,61.9,45.1,64.9,-1.0,-1.0,-1.0,84.4,4.0,0.0,1.0
0,24,0,4,12140.08,37.0,18.0,10.0,3,59.1,67.1,82.4,-1.0,-1.0,-1.0,86.4,1.0,0.0,54.0
0,30,0,3,15148.97,15.5,21.5,11.0,4,49.4,74.8,79.8,-1.0,-1.0,-1.0,94.5,3.0,0.0,96.0
0,30,0,1,9092.88,10.6,41.4,8.0,3,56.6,99.6,64.5,-1.0,-1.0,-1.0,92.6,4.0,0.0,54.0
0,25,1,21,10668.33,4.2,40.1,21.0,4,59.3,100.0,63.3,-1.0,-1.0,-1.0,95.3,4.0,0.0,735.0
1,51,0,129,30716.73,9.6,10.6,15.0,4,58.7,60.3,71.4,98.0,14.0,4412.08,-1.0,-1.0,-1.0,24.0
0,28,1,23,9508.84,21.6,46.5,12.0,3,65.7,100.0,71.7,-1.0,-1.0,-1.0,96.9,5.0,0.0,576.0
0,41,0,34,11013.18,8.1,16.6,11.0,3,59.0,72.2,75.4,-1.0,-1.0,-1.0,86.4,5.0,0.0,396.0
1,21,0,18,33126.54,10.5,0.9,14.0,3,70.5,45.4,85.2,105.5,21.0,6750.2,-1.0,-1.0,-1.0,0.0
0,46,1,163,9406.24,38.5,31.5,15.0,3,56.1,80.2,84.4,-1.0,-1.0,-1.0,83.5,5.0,0.0,16.0
0,37,0,5,8000.0,35.5,35.7,8.0,3,65.5,100.0,77.3,-1.0,-1.0,-1.0,91.0,1.0,0.0,540.0
0,41,1,16,12278.65,18.4,21.1,14.0,3,62.5,80.0,68.6,-1.0,-1.0,-1.0,100.0,3.0,0.0,80.0
0,33,1,83,10417.6,13.3,38.8,13.0,3,69.2,100.0,68.2,-1.0,-1.0,-1.0,85.9,1.0,0.0,275.0
0,35,1,15,10762.21,13.4,45.3,12.0,3,61.4,100.0,79.7,-1.0,-1.0,-1.0,92.8,6.0,0.0,504.0
0,31,0,46,8685.8,20.2,32.5,12.0,5,71.5,91.3,79.7,-1.0,-1.0,-1.0,100.0,3.0,0.0,225.0
0,48,0,59,9088.08,46.3,15.9,10.0,3,73.0,63.8,81.8,-1.0,-1.0,-1.0,90.8,3.0,0.0,128.0
1,40,0,57,31988.47,13.2,9.1,10.0,3,65.8,49.7,96.5,91.0,25.0,2818.91,-1.0,-1.0,-1.0,0.0
0,31,0,25,10300.72,29.5,23.7,9.0,3,67.2,53.9,65.1,-1.0,-1.0,-1.0,94.1,0.0,0.0,12.0
1,40,1,49,26680.03,32.0,4.2,11.0,3,58.3,45.2,67.8,96.6,25.0,3552.47,-1.0,-1.0,-1.0,1.0
1,22,1,3,33630.67,5.5,1.6,13.0,3,67.6,45.9,74.9,84.1,19.0,1108.14,-1.0,-1.0,-1.0,0.0
0,57,0,158,8695.2,26.1,17.9,19.0,2,59.3,66.1,75.2,-1.0,-1.0,-1.0,89.5,2.0,0.0,4.0
0,57,0,64,12651.44,53.0,19.5,12.0,3,70.7,70.8,66.6,-1.0,-1.0,-1.0,99.4,1.0,0.0,128.0
0,38,1,14,11378.85,42.0,47.4,12.0,3,44.9,100.0,72.5,-1.0,-1.0,-1.0,88.0,8.0,0.0,8.0
0,45,0,10,10637.88,34.9,33.4,15.0,4,52.1,80.0,66.0,-1.0,-1.0,-1.0,96.2,1.0,0.0,27.0
1,34,1,20,37930.73,30.3,8.6,10.0,4,53.8,43.8,89.1,103.6,21.0,7165.87,-1.0,-1.0,-1.0,0.0
1,37,0,49,33182.09,6.4,9.5,12.0,3,55.6,54.5,73.7,88.8,15.0,2346.85,-1.0,-1.0,-1.0,54.0
0,45,1,10,12274.4,29.0,16.5,11.0,4,82.3,79.2,90.0,-1.0,-1.0,-1.0,94.5,1.0,0.0,112.0
1,37,0,17,30360.88,10.8,9.8,11.0,1,64.7,57.0,83.4,77.8,18.0,0.0,-1.0,-1.0,-1.0,0.0
1,36,0,27,27592.88,28.4,3.1,13.0,3,66.7,27.2,66.5,87.5,21.0,1657.53,-1.0,-1.0,-1.0,0.0
0,37,1,20,9021.55,22.2,12.8,18.0,3,57.2,67.9,66.1,-1.0,-1.0,-1.0,93.5,1.0,0.0,45.0
0,34,0,47,11765.34,16.9,11.8,15.0,3,71.8,62.7,75.4,-1.0,-1.0,-1.0,87.5,2.0,0.0,1.0
1,45,1,7,22386.14,23.9,2.4,14.0,2,55.1,40.5,77.7,109.2,28.0,5223.65,-1.0,-1.0,-1.0,0.0
0,52,1,19,12023.93,11.5,31.2,19.0,3,62.7,81.4,70.4,-1.0,-1.0,-1.0,91.2,4.0,0.0,1.0
0,24,0,19,11910.14,29.8,36.3,7.0,4,74.2,100.0,70.7,-1.0,-1.0,-1.0,92.2,2.0,0.0,32.0
0,39,0,2,11662.44,17.5,11.5,9.0,4,75.9,52.1,80.2,-1.0,-1.0,-1.0,92.3,2.0,0.0,32.0
0,36,1,12,8000.0,18.5,25.8,12.0,5,56.4,80.3,63.6,-1.0,-1.0,-1.0,100.0,0.0,0.0,176.0
0,30,0,22,11215.14,33.6,10.8,11.0,4,61.1,55.3,91.3,-1.0,-1.0,-1.0,91.6,2.0,0.0,12.0
0,41,1,4,10615.76,40.1,18.4,13.0,4,72.5,60.2,78.2,-1.0,-1.0,-1.0,84.0,5.0,0.0,16.0
1,38,1,41,23990.17,42.1,7.7,10.0,1,60.9,63.5,59.7,97.9,27.0,3437.89,-1.0,-1.0,-1.0,12.0
0,41,1,54,9476.06,18.0,22.7,18.0,3,71.3,79.2,86.5,-1.0,-1.0,-1.0,90.0,5.0,0.0,144.0
0,25,1,27,12792.57,8.7,30.9,12.0,3,60.6,76.0,79.1,-1.0,-1.0,-1.0,90.1,2.0,0.0,36.0
1,34,1,10,33312.64,3.7,2.8,9.0,3,59.2,50.5,71.0,87.9,19.0,2113.82,-1.0,-1.0,-1.0,3.0
0,22,0,13,12457.36,7.5,52.0,10.0,4,48.1,100.0,65.4,-1.0,-1.0,-1.0,100.0,2.0,0.0,468.0
0,50,2,24,12854.14,22.9,47.1,15.0,4,68.0,100.0,71.0,-1.0,-1.0,-1.0,93.1,0.0,0.0,45.0
0,39,1,7,13800.84,39.6,39.4,10.0,3,58.7,100.0,75.0,-1.0,-1.0,-1.0,95.0,2.0,0.0,27.0
1,34,0,15,32097.29,14.5,8.6,12.0,3,63.3,51.2,70.8,104.3,33.0,6233.26,-1.0,-1.0,-1.0,2.0
0,37,1,8,10036.71,37.3,32.7,14.0,3,67.6,83.4,83.4,-1.0,-1.0,-1.0,82.1,3.0,0.0,20.0
0,33,0,51,10003.66,41.6,30.0,17.0,3,50.8,88.1,75.5,-1.0,-1.0,-1.0,91.4,3.0,0.0,490.0
1,35,0,10,23488.93,9.9,1.7,7.0,3,72.3,38.1,75.9,82.4,25.0,441.97,-1.0,-1.0,-1.0,0.0
0,37,0,26,10217.9,30.8,15.4,15.0,3,52.8,65.1,79.0,-1.0,-1.0,-1.0,86.2,7.0,0.0,128.0
0,37,1,7,12514.21,13.7,14.7,12.0,3,69.0,48.7,77.5,-1.0,-1.0,-1.0,83.6,1.0,0.0,192.0
0,33,0,100,8294.37,26.0,41.7,20.0,3,66.5,100.0,76.4,-1.0,-1.0,-1.0,90.9,4.0,0.0,324.0
0,35,0,43,10932.89,10.8,18.6,8.0,3,67.8,55.3,72.4,-1.0,-1.0,-1.0,88.3,3.0,0.0,1.0
0,36,0,11,10082.12,30.2,27.1,12.0,3,52.4,71.7,78.1,-1.0,-1.0,-1.0,87.2,6.0,0.0,1.0
0,30,1,8,11616.49,28.6,1.6,12.0,2,53.7,56.3,77.3,-1.0,-1.0,-1.0,91.3,2.0,0.0,1.0
0,28,1,34,11021.5,29.0,14.4,8.0,3,77.0,65.3,86.1,-1.0,-1.0,-1.0,85.7,9.0,0.0,8.0
0,27,1,5,10320.34,34.0,57.3,13.0,3,57.5,100.0,82.8,-1.0,-1.0,-1.0,84.6,5.0,0.0,72.0
0,35,0,64,11172.27,19.1,19.5,10.0,3,70.4,77.2,71.7,-1.0,-1.0,-1.0,95.4,1.0,0.0,45.0
0,48,0,18,12785.97,16.7,12.1,12.0,3,84.2,55.0,86.2,-1.0,-1.0,-1.0,86.9,2.0,0.0,72.0
0,46,0,68,11890.34,2.6,64.7,14.0,3,55.7,100.0,82.9,-1.0,-1.0,-1.0,81.1,2.0,0.0,63.0
0,52,1,9,11212.3,47.4,29.6,10.0,3,78.6,73.4,75.5,-1.0,-1.0,-1.0,92.2,1.0,0.0,1.0
0,28,1,19,9124.53,24.5,7.7,23.0,3,51.9,56.6,56.3,-1.0,-1.0,-1.0,88.6,2.0,0.0,45.0
0,45,0,93,12256.81,5.0,28.2,17.0,4,66.4,79.2,73.1,-1.0,-1.0,-1.0,98.5,3.0,0.0,16.0
0,31,0,9,8075.94,45.7,21.8,15.0,3,72.5,65.8,79.1,-1.0,-1.0,-1.0,91.1,5.0,0.0,225.0
0,26,1,72,12509.62,15.4,17.5,13.0,3,54.0,64.9,61.3,-1.0,-1.0,-1.0,87.2,3.0,0.0,63.0
0,26,0,10,10580.97,22.0,38.2,19.0,4,68.7,96.7,70.7,-1.0,-1.0,-1.0,84.3,0.0,0.0,832.0
0,39,1,42,10538.29,20.4,11.9,9.0,4,42.5,46.0,65.7,-1.0,-1.0,-1.0,95.9,2.0,0.0,12.0
1,34,0,42,28566.42,13.2,0.6,16.0,4,59.5,21.8,74.2,105.9,25.0,5909.41,-1.0,-1.0,-1.0,0.0
0,38,0,17,8570.09,18.2,94.0,8.0,3,57.5,100.0,68.0,-1.0,-1.0,-1.0,93.0,1.0,0.0,1152.0
0,26,0,7,9688.35,30.8,22.6,14.0,5,63.5,79.4,85.8,-1.0,-1.0,-1.0,99.8,1.0,0.0,1.0
0,36,0,25,13649.36,28.3,37.6,7.0,3,64.6,100.0,86.7,-1.0,-1.0,-1.0,90.1,2.0,0.0,490.0
1,34,1,13,24517.35,8.7,0.7,13.0,2,59.2,23.3,69.4,54.7,20.0,0.0,-1.0,-1.0,-1.0,0.0
0,27,1,26,10372.79,27.0,8.0,9.0,2,54.5,46.7,78.8,-1.0,-1.0,-1.0,85.7,4.0,0.0,63.0
1,34,1,12,33643.81,23.8,11.4,11.0,2,78.5,66.7,64.4,89.8,25.0,2627.0,-1.0,-1.0,-1.0,3.0
0,39,0,8,12652.0,31.3,15.4,12.0,4,52.7,59.6,76.0,-1.0,-1.0,-1.0,83.1,5.0,0.0,0.0
1,36,2,28,32069.65,13.1,6.3,13.0,4,62.5,52.9,62.7,117.4,30.0,9583.89,-1.0,-1.0,-1.0,0.0
0,25,1,35,12210.68,12.6,28.9,8.0,3,52.7,74.0,81.6,-1.0,-1.0,-1.0,93.6,1.0,0.0,432.0
1,29,1,8,31535.28,11.5,10.0,18.0,3,76.4,63.1,74.1,106.5,37.0,6691.87,-1.0,-1.0,-1.0,2.0
0,46,0,49,12908.53,24.1,14.4,15.0,3,78.1,74.4,82.9,-1.0,-1.0,-1.0,86.1,1.0,0.0,20.0
1,35,2,60,23134.84,26.5,12.0,12.0,3,74.0,51.7,87.3,103.5,23.0,4345.26,-1.0,-1.0,-1.0,0.0
0,40,0,155,8666.16,31.0,64.4,5.0,5,55.2,100.0,73.5,-1.0,-1.0,-1.0,97.1,1.0,0.0,396.0
1,31,0,52,30953.12,26.7,0.9,9.0,3,69.3,42.6,89.3,90.4,21.0,2563.22,-1.0,-1.0,-1.0,0.0
0,44,1,60,8721.63,3.5,15.9,11.0,3,74.6,63.2,84.2,-1.0,-1.0,-1.0,86.6,4.0,0.0,12.0
0,42,0,3,8979.31,12.6,36.3,8.0,3,61.6,96.3,73.2,-1.0,-1.0,-1.0,93.6,0.0,0.0,648.0
0,42,1,25,9009.75,50.7,48.0,7.0,1,57.7,100.0,75.2,-1.0,-1.0,-1.0,88.4,5.0,0.0,833.0
1,42,0,49,33471.96,6.6,4.3,10.0,2,69.9,52.1,72.0,94.7,25.0,3933.08,-1.0,-1.0,-1.0,0.0
0,31,1,51,13556.15,22.7,16.9,15.0,4,69.1,49.1,79.5,-1.0,-1.0,-1.0,99.9,1.0,0.0,63.0
0,39,0,45,10852.5,23.0,19.6,10.0,3,50.9,78.8,77.1,-1.0,-1.0,-1.0,100.0,3.0,0.0,32.0
1,34,0,5,28415.89,3.2,10.6,13.0,3,65.3,72.4,78.9,125.4,35.0,10322.31,-1.0,-1.0,-1.0,1.0
1,30,0,6,28884.3,9.3,4.3,11.0,3,69.7,47.4,81.3,80.5,20.0,123.94,-1.0,-1.0,-1.0,0.0
0,53,0,6,11990.63,20.4,25.9,6.0,3,69.9,83.8,57.4,-1.0,-1.0,-1.0,90.3,5.0,0.0,1.0
0,56,0,2,10198.64,23.8,99.2,8.0,3,52.8,100.0,96.1,-1.0,-1.0,-1.0,88.0,5.0,0.0,45.0
0,28,1,36,14267.84,24.3,40.5,12.0,3,59.1,78.4,83.1,-1.0,-1.0,-1.0,83.7,2.0,0.0,637.0
1,32,0,16,36115.85,13.9,18.9,9.0,2,45.1,71.8,76.8,74.1,28.0,0.0,-1.0,-1.0,-1.0,1.0
0,27,0,8,10247.36,40.1,21.4,12.0,3,81.8,71.9,65.3,-1.0,-1.0,-1.0,90.9,1.0,0.0,250.0
0,26,0,43,10356.44,7.7,41.2,7.0,4,70.4,100.0,78.1,-1.0,-1.0,-1.0,92.0,4.0,0.0,64.0
1,36,1,11,24049.29,8.6,3.5,10.0,2,76.0,47.0,85.6,73.1,17.0,0.0,-1.0,-1.0,-1.0,5.0
0,42,1,33,12681.27,16.5,55.0,10.0,4,61.2,100.0,80.4,-1.0,-1.0,-1.0,100.0,4.0,0.0,112.0
0,33,0,1,12679.36,11.9,17.1,17.0,3,57.7,63.2,75.2,-1.0,-1.0,-1.0,92.2,6.0,0.0,4.0
0,32,0,34,12834.2,27.4,10.4,11.0,3,54.2,60.4,80.4,-1.0,-1.0,-1.0,88.0,1.0,0.0,8.0
1,42,0,68,30713.45,6.4,11.9,8.0,3,62.0,57.1,72.3,83.2,24.0,791.86,-1.0,-1.0,-1.0,0.0
0,33,1,1,10726.37,22.4,24.1,12.0,3,68.0,71.0,68.9,-1.0,-1.0,-1.0,89.6,3.0,0.0,2.0
0,31,1,1,12736.72,35.5,16.0,9.0,3,63.8,63.3,70.4,-1.0,-1.0,-1.0,84.7,3.0,0.0,24.0
0,45,1,9,9922.28,19.8,19.3,16.0,3,62.1,68.1,81.4,-1.0,-1.0,-1.0,87.5,3.0,0.0,1458.0
0,46,0,10,12781.52,41.9,42.7,9.0,3,61.5,99.5,74.8,-1.0,-1.0,-1.0,81.4,7.0,0.0,2736.0
1,55,1,16,32838.08,10.7,8.6,13.0,4,63.0,72.9,66.1,119.6,30.0,10400.51,-1.0,-1.0,-1.0,882.0
0,23,0,32,12425.75,18.3,30.5,13.0,1,58.9,71.9,73.6,-1.0,-1.0,-1.0,86.5,4.0,0.0,112.0
0,24,0,29,10888.33,15.3,25.4,9.0,3,50.4,76.2,75.4,-1.0,-1.0,-1.0,92.9,4.0,0.0,150.0
1,29,1,5,35161.08,38.8,11.6,15.0,3,73.7,55.8,81.8,91.8,19.0,3320.59,-1.0,-1.0,-1.0,72.0
0,49,0,35,8488.3,30.7,59.8,9.0,5,69.8,100.0,72.7,-1.0,-1.0,-1.0,91.6,0.0,1.0,1029.0
1,34,1,1,32098.0,7.8,4.5,13.0,1,70.2,45.0,79.4,73.1,15.0,0.0,-1.0,-1.0,-1.0,16.0
1,43,0,35,34493.45,2.9,15.9,16.0,2,75.9,87.6,67.2,93.2,19.0,3648.92,-1.0,-1.0,-1.0,72.0
1,27,1,42,41512.79,12.6,3.4,13.0,3,51.8,54.5,80.4,69.9,28.0,0.0,-1.0,-1.0,-1.0,16.0
1,46,1,19,27219.32,4.3,11.8,13.0,5,68.1,68.7,66.3,130.3,31.0,10943.88,-1.0,-1.0,-1.0,0.0
1,27,1,6,33158.65,6.7,0.7,7.0,4,64.0,40.2,89.3,72.9,20.0,0.0,-1.0,-1.0,-1.0,0.0
0,24,0,1,9273.48,14.0,23.3,17.0,3,72.5,81.9,73.1,-1.0,-1.0,-1.0,93.4,3.0,0.0,20.0
0,22,0,3,10270.35,24.5,17.8,14.0,4,45.2,56.6,69.0,-1.0,-1.0,-1.0,92.6,2.0,0.0,96.0
1,24,0,56,29853.78,18.7,7.3,11.0,2,67.2,50.5,76.4,76.3,23.0,0.0,-1.0,-1.0,-1.0,1.0
0,34,1,18,12897.73,20.3,17.0,11.0,3,75.3,63.0,80.6,-1.0,-1.0,-1.0,84.3,4.0,0.0,2.0
1,52,1,4,32397.9,16.7,6.0,6.0,4,50.1,53.6,90.9,107.0,34.0,6994.83,-1.0,-1.0,-1.0,54.0
0,49,0,33,10653.7,43.3,39.1,11.0,4,71.6,97.8,66.3,-1.0,-1.0,-1.0,92.5,2.0,0.0,250.0
1,29,0,30,32577.27,13.1,9.9,10.0,3,61.3,51.9,83.0,112.8,25.0,8557.85,-1.0,-1.0,-1.0,225.0
0,32,1,3,12447.15,35.8,10.7,9.0,3,39.4,53.8,70.8,-1.0,-1.0,-1.0,88.4,1.0,0.0,2.0
0,35,0,13,12411.77,24.3,30.2,9.0,3,57.1,92.8,72.0,-1.0,-1.0,-1.0,94.3,4.0,0.0,576.0
0,29,0,1,12393.39,24.7,35.0,15.0,2,56.6,81.4,70.4,-1.0,-1.0,-1.0,86.2,7.0,0.0,3.0
1,41,0,25,35294.68,24.3,4.0,8.0,3,58.4,44.6,73.9,78.0,21.0,0.0,-1.0,-1.0,-1.0,0.0
0,39,0,38,8915.33,44.0,19.1,8.0,4,70.1,64.9,81.8,-1.0,-1.0,-1.0,93.9,2.0,0.0,72.0
0,47,0,65,11507.52,14.0,24.4,17.0,2,56.1,78.8,80.7,-1.0,-1.0,-1.0,82.5,3.0,0.0,300.0
0,58,1,29,8913.66,16.9,20.7,11.0,4,72.6,72.7,86.9,-1.0,-1.0,-1.0,92.2,3.0,0.0,2.0
0,45,0,14,12966.74,33.5,29.4,15.0,3,60.8,76.8,81.9,-1.0,-1.0,-1.0,88.9,2.0,0.0,150.0
0,50,0,16,13926.71,27.5,16.3,15.0,3,61.8,61.4,85.2,-1.0,-1.0,-1.0,93.8,3.0,0.0,4.0
0,57,0,40,8546.48,19.1,25.6,18.0,3,68.3,84.3,75.4,-1.0,-1.0,-1.0,97.6,2.0,0.0,2.0
0,27,1,77,11150.14,22.6,44.3,5.0,4,62.1,100.0,73.9,-1.0,-1.0,-1.0,91.3,0.0,0.0,275.0
0,31,1,25,11519.08,11.4,26.8,13.0,3,51.4,84.3,64.8,-1.0,-1.0,-1.0,86.7,4.0,0.0,112.0
0,31,0,5,13054.56,16.5,27.6,4.0,3,64.3,96.6,79.8,-1.0,-1.0,-1.0,93.1,5.0,0.0,63.0
1,36,0,24,26805.7,5.1,1.5,10.0,5,62.9,45.2,87.5,107.1,23.0,5818.85,-1.0,-1.0,-1.0,0.0
0,23,0,12,9592.3,30.3,17.5,8.0,4,73.5,68.4,86.0,-1.0,-1.0,-1.0,99.9,1.0,0.0,36.0
1,31,1,3,35627.64,14.5,5.8,14.0,3,72.6,41.8,76.4,89.1,21.0,2605.68,-1.0,-1.0,-1.0,2.0
0,42,0,11,14506.74,13.5,14.9,8.0,2,55.9,56.5,88.9,-1.0,-1.0,-1.0,79.0,8.0,1.0,1.0
0,50,1,19,10755.04,38.6,21.9,15.0,3,44.2,77.2,65.4,-1.0,-1.0,-1.0,86.2,3.0,0.0,63.0
0,26,1,12,11031.51,52.1,43.7,10.0,4,58.0,100.0,80.2,-1.0,-1.0,-1.0,93.6,2.0,0.0,160.0
0,31,1,71,10481.5,29.0,6.7,14.0,3,71.3,35.2,70.7,-1.0,-1.0,-1.0,86.0,3.0,0.0,20.0
0,30,0,63,11708.02,19.0,11.6,12.0,3,49.7,53.9,74.5,-1.0,-1.0,-1.0,89.9,2.0,0.0,1.0
1,31,0,156,30658.14,16.5,8.2,11.0,3,57.3,59.8,73.4,101.7,32.0,5317.51,-1.0,-1.0,-1.0,0.0
0,38,1,6,11377.21,18.0,18.8,11.0,1,58.0,62.9,74.3,-1.0,-1.0,-1.0,80.6,5.0,0.0,54.0
0,24,1,20,8000.0,19.1,20.0,12.0,3,68.5,65.0,85.1,-1.0,-1.0,-1.0,82.6,6.0,0.0,16.0
0,36,1,54,10486.78,10.1,20.7,12.0,4,70.1,75.0,70.7,-1.0,-1.0,-1.0,90.9,0.0,0.0,63.0
0,31,0,94,11630.29,20.5,31.7,11.0,2,70.2,74.6,81.8,-1.0,-1.0,-1.0,76.9,3.0,0.0,160.0
1,29,0,38,31409.66,9.2,4.7,15.0,3,51.2,51.4,89.1,75.8,20.0,0.0,-1.0,-1.0,-1.0,0.0
0,32,0,45,8753.83,20.7,51.9,18.0,3,55.2,100.0,64.1,-1.0,-1.0,-1.0,89.8,3.0,0.0,96.0
0,32,1,4,12331.07,45.5,24.7,8.0,4,67.5,83.7,83.4,-1.0,-1.0,-1.0,92.4,2.0,0.0,160.0
0,41,1,132,12140.32,30.8,12.2,8.0,3,68.7,63.6,77.7,-1.0,-1.0,-1.0,93.9,0.0,0.0,4.0
1,40,0,34,27920.45,6.0,3.2,5.0,3,57.6,53.5,63.2,110.7,21.0,6852.44,-1.0,-1.0,-1.0,0.0
0,29,1,3,12101.46,15.4,26.3,16.0,2,66.4,93.9,51.6,-1.0,-1.0,-1.0,78.5,0.0,0.0,637.0
0,46,0,6,11388.4,20.2,16.7,13.0,3,86.7,60.0,85.9,-1.0,-1.0,-1.0,94.7,2.0,0.0,3.0
0,28,0,22,10601.66,41.8,32.6,13.0,3,55.3,86.8,80.9,-1.0,-1.0,-1.0,92.7,3.0,0.0,8.0
0,36,0,12,14417.36,19.3,8.2,7.0,4,63.0,25.3,85.8,-1.0,-1.0,-1.0,98.0,1.0,0.0,24.0
0,33,1,8,12581.93,9.4,15.8,16.0,2,81.7,64.0,67.9,-1.0,-1.0,-1.0,90.4,5.0,0.0,27.0
0,50,0,18,10661.97,47.2,20.9,13.0,3,46.6,73.5,75.7,-1.0,-1.0,-1.0,88.2,4.0,0.0,36.0
1,47,0,43,24054.76,26.9,6.5,8.0,4,63.2,43.5,79.9,106.7,30.0,5135.37,-1.0,-1.0,-1.0,0.0
0,51,0,4,12116.88,7.8,18.9,13.0,2,63.3,91.9,66.1,-1.0,-1.0,-1.0,82.2,6.0,1.0,96.0
1,38,0,2,38039.97,2.1,12.6,10.0,3,77.3,66.7,88.8,85.0,20.0,1531.76,-1.0,-1.0,-1.0,1.0
0,35,1,32,8689.38,20.9,21.6,15.0,3,61.2,79.5,72.7,-1.0,-1.0,-1.0,99.1,1.0,0.0,112.0
0,44,1,7,10835.2,20.0,42.1,13.0,3,56.7,100.0,75.3,-1.0,-1.0,-1.0,91.5,4.0,0.0,150.0
0,53,0,100,11723.71,17.2,38.1,10.0,3,67.7,87.1,91.2,-1.0,-1.0,-1.0,82.4,3.0,0.0,8.0
0,37,1,45,13034.36,87.9,14.4,7.0,3,64.7,59.1,65.9,-1.0,-1.0,-1.0,94.2,1.0,0.0,81.0
0,31,1,12,8283.47,16.0,19.8,4.0,2,67.9,57.0,81.5,-1.0,-1.0,-1.0,93.6,2.0,0.0,63.0
1,36,0,26,35573.72,8.0,8.6,10.0,4,65.3,50.1,71.4,90.5,25.0,2994.03,-1.0,-1.0,-1.0,1.0
1,49,0,16,34796.69,10.9,0.9,22.0,4,70.0,50.8,86.3,102.1,25.0,6162.83,-1.0,-1.0,-1.0,0.0
0,50,0,10,14420.39,14.6,18.0,10.0,3,69.3,68.5,75.2,-1.0,-1.0,-1.0,96.1,2.0,0.0,432.0
0,38,0,12,10878.61,20.6,62.4,13.0,3,48.0,100.0,78.7,-1.0,-1.0,-1.0,92.1,4.0,0.0,54.0
1,35,0,9,33245.89,7.3,4.6,11.0,2,54.1,59.0,71.1,75.3,20.0,0.0,-1.0,-1.0,-1.0,8.0
0,34,0,22,12023.1,23.5,50.5,10.0,3,44.9,100.0,62.6,-1.0,-1.0,-1.0,97.0,5.0,0.0,45.0
0,36,1,11,10775.15,9.6,40.5,3.0,1,72.4,100.0,62.6,-1.0,-1.0,-1.0,85.7,4.0,0.0,275.0
0,49,1,18,9929.79,8.8,13.6,6.0,2,58.5,65.0,79.9,-1.0,-1.0,-1.0,85.0,6.0,0.0,175.0
0,44,1,10,13649.69,28.0,31.6,10.0,3,58.2,89.5,68.8,-1.0,-1.0,-1.0,78.9,2.0,0.0,54.0
0,41,1,5,13823.04,41.4,28.0,11.0,5,53.4,83.0,72.3,-1.0,-1.0,-1.0,87.4,1.0,0.0,20.0
0,33,1,24,10089.95,24.5,21.4,13.0,3,55.1,70.4,74.9,-1.0,-1.0,-1.0,95.5,1.0,0.0,1.0
0,27,0,32,11235.69,24.1,20.0,19.0,4,62.8,56.2,73.6,-1.0,-1.0,-1.0,88.1,2.0,0.0,5.0
1,38,1,13,30491.01,20.4,8.6,20.0,3,55.0,53.7,61.1,94.9,18.0,3632.48,-1.0,-1.0,-1.0,2.0
0,46,0,44,11858.67,26.9,39.4,16.0,4,61.1,100.0,67.5,-1.0,-1.0,-1.0,96.7,0.0,1.0,125.0
0,33,0,4,10948.17,13.1,68.7,8.0,4,67.1,100.0,77.1,-1.0,-1.0,-1.0,94.1,1.0,0.0,2.0
0,49,0,24,10703.07,40.9,59.0,5.0,2,61.2,100.0,61.9,-1.0,-1.0,-1.0,90.7,4.0,0.0,112.0
0,37,0,24,10752.32,13.8,22.1,7.0,3,62.9,74.9,67.7,-1.0,-1.0,-1.0,88.2,5.0,0.0,112.0
0,40,0,8,8000.0,33.5,28.5,9.0,2,62.5,94.7,69.4,-1.0,-1.0,-1.0,88.5,3.0,0.0,504.0
0,32,1,15,11247.53,13.6,74.6,13.0,1,62.9,100.0,80.9,-1.0,-1.0,-1.0,80.5,10.0,0.0,64.0
0,39,0,7,10388.81,21.6,7.7,12.0,3,61.7,56.1,78.5,-1.0,-1.0,-1.0,94.2,2.0,1.0,2.0
1,40,0,16,28141.86,15.9,6.6,15.0,3,65.2,53.8,76.4,97.5,28.0,3936.1,-1.0,-1.0,-1.0,4.0
0,26,0,35,13715.45,26.9,17.5,10.0,3,71.2,63.2,90.6,-1.0,-1.0,-1.0,86.4,6.0,0.0,12.0
0,31,1,8,10678.19,1.1,15.9,15.0,3,55.0,65.2,73.9,-1.0,-1.0,-1.0,88.6,2.0,0.0,300.0
0,34,1,16,14285.63,27.7,52.5,5.0,3,56.0,100.0,68.9,-1.0,-1.0,-1.0,90.1,4.0,0.0,2.0
0,48,1,62,10562.28,21.3,16.2,12.0,3,65.2,62.6,63.1,-1.0,-1.0,-1.0,90.3,1.0,0.0,112.0
0,44,0,27,11975.68,8.9,41.8,12.0,3,55.6,100.0,74.3,-1.0,-1.0,-1.0,89.8,4.0,0.0,192.0
0,38,0,77,11064.17,28.2,27.6,12.0,3,60.4,79.8,79.4,-1.0,-1.0,-1.0,91.2,6.0,0.0,0.0
0,51,0,41,9141.78,60.6,10.2,17.0,3,59.0,56.2,82.7,-1.0,-1.0,-1.0,87.6,1.0,0.0,0.0
1,52,0,2,25857.78,6.4,2.1,15.0,3,67.8,42.5,77.1,80.1,17.0,20.1,-1.0,-1.0,-1.0,3.0
1,49,1,113,35562.41,10.8,18.2,12.0,3,81.2,66.0,75.6,92.9,33.0,3661.24,-1.0,-1.0,-1.0,8.0
0,54,0,19,11226.31,26.7,17.8,8.0,3,63.6,64.6,77.3,-1.0,-1.0,-1.0,87.8,3.0,0.0,72.0
1,33,1,61,23354.09,36.5,19.5,16.0,2,62.1,68.3,73.3,87.9,32.0,1485.32,-1.0,-1.0,-1.0,1.0
0,39,0,12,11790.35,40.3,17.4,19.0,4,58.7,60.3,63.9,-1.0,-1.0,-1.0,97.3,1.0,0.0,175.0
0,33,0,61,12139.27,18.8,6.8,14.0,3,56.6,30.4,87.2,-1.0,-1.0,-1.0,89.4,4.0,1.0,1.0
0,31,0,5,8000.0,12.3,12.5,11.0,3,71.6,42.6,68.1,-1.0,-1.0,-1.0,87.1,8.0,1.0,54.0
0,46,0,38,12721.35,23.7,30.3,13.0,3,64.1,91.1,62.7,-1.0,-1.0,-1.0,90.3,5.0,0.0,36.0
0,31,0,107,10669.71,5.8,9.4,12.0,1,63.9,53.6,85.9,-1.0,-1.0,-1.0,76.9,3.0,1.0,8.0
1,39,1,13,32187.71,24.4,31.2,17.0,3,64.2,84.4,85.9,88.1,18.0,2098.21,-1.0,-1.0,-1.0,2.0
0,27,0,21,8754.15,31.4,8.1,15.0,4,63.8,37.9,77.2,-1.0,-1.0,-1.0,92.6,2.0,0.0,1.0
0,46,0,20,11056.93,23.6,12.0,6.0,4,62.6,51.8,79.0,-1.0,-1.0,-1.0,89.6,3.0,0.0,0.0
1,28,1,11,26159.94,24.9,9.6,13.0,3,57.4,57.6,72.0,90.5,27.0,2190.45,-1.0,-1.0,-1.0,20.0
0,48,0,20,10808.89,24.1,6.6,11.0,3,68.6,57.5,67.0,-1.0,-1.0,-1.0,95.4,1.0,0.0,24.0
0,58,1,17,11940.43,19.0,10.2,10.0,3,80.0,52.8,73.3,-1.0,-1.0,-1.0,92.2,2.0,0.0,3.0
0,30,0,29,12724.13,18.7,11.4,11.0,2,65.7,51.8,72.5,-1.0,-1.0,-1.0,78.6,6.0,0.0,45.0
1,40,1,9,24999.65,23.6,4.7,13.0,3,63.0,47.8,82.1,91.8,20.0,2357.78,-1.0,-1.0,-1.0,2.0
0,36,0,91,11121.62,10.7,6.8,10.0,3,62.4,46.1,83.8,-1.0,-1.0,-1.0,88.1,8.0,0.0,0.0
0,45,1,16,9871.35,28.0,16.7,9.0,5,52.0,68.0,70.8,-1.0,-1.0,-1.0,88.5,2.0,0.0,16.0
0,46,1,36,12205.05,18.5,60.4,9.0,2,58.5,100.0,88.2,-1.0,-1.0,-1.0,80.8,2.0,0.0,396.0
0,38,0,11,13757.28,36.4,14.9,16.0,3,51.6,61.3,70.5,-1.0,-1.0,-1.0,90.0,9.0,0.0,5.0
0,34,0,27,14492.93,31.4,34.8,17.0,4,52.7,76.9,79.1,-1.0,-1.0,-1.0,91.3,2.0,0.0,2.0
1,25,0,67,36478.98,17.3,8.2,13.0,4,79.4,57.1,76.6,97.3,25.0,5039.15,-1.0,-1.0,-1.0,1.0
0,25,0,30,10925.18,32.1,17.4,12.0,4,60.8,62.3,71.2,-1.0,-1.0,-1.0,84.1,2.0,0.0,504.0
1,28,0,7,29611.77,5.5,9.0,11.0,2,59.0,56.2,69.8,83.2,21.0,756.51,-1.0,-1.0,-1.0,1.0
0,28,1,12,13168.8,22.2,13.7,6.0,3,78.1,49.9,83.0,-1.0,-1.0,-1.0,93.6,4.0,0.0,1.0
0,49,0,3,8000.0,30.8,22.1,16.0,3,70.5,80.5,63.2,-1.0,-1.0,-1.0,92.6,2.0,0.0,396.0
0,36,0,17,12151.15,32.8,9.2,11.0,4,71.6,52.5,72.2,-1.0,-1.0,-1.0,88.4,2.0,0.0,0.0
1,26,0,17,34987.69,3.0,11.8,10.0,3,71.2,51.9,79.1,92.6,22.0,3521.58,-1.0,-1.0,-1.0,16.0
0,34,0,10,12449.82,15.1,25.8,10.0,5,52.6,82.5,68.3,-1.0,-1.0,-1.0,95.4,0.0,0.0,16.0
0,38,1,13,10115.16,31.0,7.9,14.0,3,51.8,54.6,81.9,-1.0,-1.0,-1.0,92.8,4.0,0.0,64.0
1,53,0,1,32348.26,23.1,7.7,12.0,3,61.9,57.1,88.3,86.4,21.0,1653.72,-1.0,-1.0,-1.0,0.0
0,49,0,70,9153.7,9.3,46.3,15.0,2,58.6,100.0,63.6,-1.0,-1.0,-1.0,85.2,3.0,1.0,2.0
0,27,1,16,8951.81,18.0,44.2,8.0,3,57.2,100.0,71.1,-1.0,-1.0,-1.0,98.8,3.0,0.0,216.0
1,37,1,24,31344.44,9.2,9.4,12.0,4,68.1,58.6,78.1,140.0,33.0,15045.33,-1.0,-1.0,-1.0,0.0
1,47,0,51,23469.68,12.2,4.8,11.0,3,73.9,44.4,77.4,93.9,20.0,2613.56,-1.0,-1.0,-1.0,0.0
0,42,0,145,12350.34,19.7,15.1,13.0,3,50.8,64.6,73.4,-1.0,-1.0,-1.0,88.6,0.0,0.0,12.0
1,36,0,18,32775.18,26.3,0.3,11.0,3,51.2,44.3,77.0,99.6,21.0,5141.03,-1.0,-1.0,-1.0,45.0
1,30,1,31,29965.57,20.8,2.4,16.0,2,57.5,26.2,74.5,90.3,27.0,2479.78,-1.0,-1.0,-1.0,0.0
1,52,0,46,35881.14,9.8,9.9,14.0,3,63.6,50.0,83.0,85.7,24.0,1624.34,-1.0,-1.0,-1.0,8.0
0,42,1,34,11230.02,58.2,20.6,15.0,3,51.1,65.9,76.6,-1.0,-1.0,-1.0,100.0,5.0,0.0,45.0
1,37,1,34,40131.9,9.6,8.6,16.0,3,59.9,50.8,76.6,121.2,37.0,13211.69,-1.0,-1.0,-1.0,0.0
0,34,1,7,12348.0,22.4,28.0,17.0,3,67.7,80.0,68.1,-1.0,-1.0,-1.0,93.7,3.0,0.0,54.0
0,35,0,22,11062.63,11.3,19.9,14.0,3,66.0,80.2,66.5,-1.0,-1.0,-1.0,90.7,5.0,0.0,128.0
0,45,1,17,10319.88,20.1,21.0,14.0,3,48.6,71.3,60.8,-1.0,-1.0,-1.0,86.5,2.0,0.0,150.0
0,34,1,28,9254.21,50.5,20.7,15.0,3,52.6,67.4,68.7,-1.0,-1.0,-1.0,90.1,3.0,0.0,36.0
1,31,2,24,20040.22,21.5,39.2,12.0,3,46.7,100.0,79.1,106.0,29.0,4175.68,-1.0,-1.0,-1.0,5.0
0,27,1,57,11897.23,8.7,18.5,16.0,1,53.7,66.6,73.6,-1.0,-1.0,-1.0,88.4,5.0,0.0,27.0
1,25,0,73,34425.01,9.9,11.5,16.0,3,56.6,56.2,82.6,111.4,23.0,8648.69,-1.0,-1.0,-1.0,72.0
1,30,1,21,30868.77,17.2,8.4,18.0,3,80.8,51.7,84.0,93.0,32.0,3215.39,-1.0,-1.0,-1.0,1.0
0,45,1,61,9285.54,22.3,39.9,14.0,4,52.8,100.0,75.5,-1.0,-1.0,-1.0,96.9,1.0,0.0,2.0
0,28,0,11,12101.16,8.6,15.6,21.0,4,52.7,62.7,70.3,-1.0,-1.0,-1.0,100.0,1.0,0.0,12.0
0,38,0,22,11848.26,7.3,30.3,8.0,1,81.1,77.6,67.7,-1.0,-1.0,-1.0,88.3,5.0,0.0,27.0
0,47,1,1,10681.36,44.2,30.2,9.0,5,66.7,75.9,82.7,-1.0,-1.0,-1.0,100.0,1.0,0.0,45.0
0,35,1,27,9960.64,28.6,16.2,6.0,3,73.8,57.7,67.4,-1.0,-1.0,-1.0,88.2,3.0,0.0,288.0
0,32,1,9,11743.25,15.8,32.4,13.0,1,65.7,94.9,81.2,-1.0,-1.0,-1.0,75.0,4.0,0.0,160.0
1,47,1,53,30937.74,25.8,0.8,9.0,3,71.6,29.5,71.5,86.7,26.0,1653.6,-1.0,-1.0,-1.0,0.0
1,35,0,87,29382.12,6.8,4.7,11.0,4,66.0,35.9,91.0,135.9,37.0,13137.33,-1.0,-1.0,-1.0,0.0
0,38,1,23,8436.25,39.4,13.4,10.0,4,71.0,49.0,74.6,-1.0,-1.0,-1.0,100.0,0.0,0.0,8.0
0,44,1,28,10133.58,21.9,13.1,10.0,3,49.0,61.4,85.1,-1.0,-1.0,-1.0,86.0,1.0,0.0,72.0
1,32,0,86,33074.69,2.7,8.8,9.0,3,82.7,44.3,80.2,94.2,25.0,3765.86,-1.0,-1.0,-1.0,1.0
0,40,0,16,10127.33,11.1,3.3,13.0,2,52.4,59.8,74.9,-1.0,-1.0,-1.0,87.6,5.0,0.0,150.0
1,43,0,2,27075.03,15.0,17.7,11.0,3,67.4,80.4,69.9,83.5,20.0,763.92,-1.0,-1.0,-1.0,12.0
0,49,0,34,12742.82,30.4,86.1,11.0,3,70.9,100.0,68.5,-1.0,-1.0,-1.0,87.9,1.0,0.0,80.0
0,59,0,55,10670.46,18.5,17.2,5.0,3,60.4,69.4,81.3,-1.0,-1.0,-1.0,84.5,4.0,0.0,45.0
0,23,1,13,10382.81,16.3,41.2,9.0,3,66.5,100.0,74.6,-1.0,-1.0,-1.0,81.0,1.0,0.0,8.0
1,44,1,5,39614.68,11.8,4.3,8.0,3,78.9,37.4,91.6,98.0,23.0,5711.33,-1.0,-1.0,-1.0,0.0
0,57,1,9,11067.83,22.6,9.2,10.0,3,57.8,45.1,72.6,-1.0,-1.0,-1.0,92.2,5.0,0.0,1.0
0,25,0,37,10970.19,20.8,43.3,16.0,3,48.1,100.0,65.9,-1.0,-1.0,-1.0,83.3,2.0,0.0,72.0
1,30,1,3,33215.57,4.5,17.4,9.0,2,68.1,49.7,79.1,83.0,19.0,800.45,-1.0,-1.0,-1.0,1.0
0,35,0,39,9340.54,24.7,41.1,14.0,3,54.8,100.0,64.8,-1.0,-1.0,-1.0,91.7,3.0,0.0,72.0
0,43,0,21,9145.22,30.7,39.6,10.0,3,43.5,98.8,75.0,-1.0,-1.0,-1.0,97.0,5.0,0.0,275.0
1,43,0,12,30562.21,6.6,11.2,6.0,3,65.5,70.2,79.7,119.7,29.0,9709.62,-1.0,-1.0,-1.0,0.0
1,45,0,30,26823.79,21.6,3.7,9.0,3,44.4,56.0,67.9,106.4,29.0,5673.61,-1.0,-1.0,-1.0,0.0
0,24,0,52,8985.16,21.8,26.8,14.0,4,77.0,70.9,69.2,-1.0,-1.0,-1.0,98.3,1.0,0.0,20.0
0,51,0,17,10778.28,36.7,24.0,16.0,3,60.9,72.8,67.4,-1.0,-1.0,-1.0,88.8,4.0,0.0,250.0
0,21,0,11,11286.65,22.5,37.6,15.0,4,50.1,94.2,65.7,-1.0,-1.0,-1.0,100.0,3.0,0.0,8.0
1,35,1,29,38109.0,33.3,7.5,11.0,3,55.7,57.0,71.1,87.3,19.0,2211.81,-1.0,-1.0,-1.0,300.0
0,55,0,16,11599.2,15.7,18.8,13.0,4,69.1,69.6,74.7,-1.0,-1.0,-1.0,92.9,2.0,0.0,125.0
0,38,0,8,8000.0,25.3,32.4,11.0,3,70.0,90.3,69.9,-1.0,-1.0,-1.0,90.2,3.0,0.0,54.0
0,46,1,17,10624.65,18.5,19.7,14.0,3,85.1,72.4,66.0,-1.0,-1.0,-1.0,95.8,1.0,0.0,45.0
0,25,1,8,9436.93,17.9,30.4,8.0,3,66.3,95.8,65.7,-1.0,-1.0,-1.0,91.3,3.0,0.0,1024.0
0,41,1,2,9394.11,13.3,7.2,11.0,3,75.3,46.3,82.8,-1.0,-1.0,-1.0,75.3,4.0,0.0,27.0
0,35,0,14,11913.36,37.6,48.0,10.0,3,53.4,100.0,68.2,-1.0,-1.0,-1.0,96.6,2.0,0.0,1.0
0,33,0,15,11571.43,17.3,18.9,13.0,5,64.6,79.4,62.4,-1.0,-1.0,-1.0,100.0,0.0,0.0,20.0
0,24,1,72,12185.02,25.5,20.5,17.0,3,80.1,71.5,79.4,-1.0,-1.0,-1.0,96.0,4.0,0.0,54.0
1,27,0,38,30742.24,8.6,2.3,14.0,3,62.4,44.5,75.9,68.5,19.0,0.0,-1.0,-1.0,-1.0,1.0
1,40,0,2,32252.68,29.6,4.4,15.0,2,74.1,50.3,79.0,73.1,20.0,0.0,-1.0,-1.0,-1.0,0.0
0,24,0,6,9776.75,16.2,23.8,10.0,3,46.9,81.0,80.3,-1.0,-1.0,-1.0,82.7,2.0,0.0,1.0
0,35,1,61,11011.34,14.9,20.1,5.0,3,51.6,87.6,69.2,-1.0,-1.0,-1.0,93.3,8.0,0.0,63.0
1,39,1,131,23739.28,6.7,5.1,16.0,3,74.2,51.7,72.8,88.1,28.0,1534.45,-1.0,-1.0,-1.0,2.0
0,25,0,84,12230.52,26.2,30.0,11.0,3,65.2,100.0,54.0,-1.0,-1.0,-1.0,90.4,2.0,0.0,208.0
0,39,1,36,11420.95,49.0,30.8,10.0,3,57.7,76.7,72.4,-1.0,-1.0,-1.0,94.3,3.0,0.0,80.0
1,37,0,10,31553.98,31.3,12.8,10.0,3,46.5,55.5,85.0,85.7,17.0,1439.18,-1.0,-1.0,-1.0,5.0
0,28,1,7,10367.96,29.9,30.9,14.0,3,50.7,88.9,73.2,-1.0,-1.0,-1.0,86.7,1.0,0.0,54.0
0,46,0,51,11235.46,8.5,50.5,10.0,3,52.6,100.0,75.5,-1.0,-1.0,-1.0,86.4,2.0,0.0,8.0
0,38,1,13,10681.13,15.1,21.1,13.0,3,61.4,82.2,74.2,-1.0,-1.0,-1.0,96.2,1.0,0.0,112.0
0,44,1,27,11397.75,15.4,47.5,9.0,2,51.4,100.0,63.1,-1.0,-1.0,-1.0,83.0,3.0,0.0,144.0
0,35,1,16,10793.56,47.2,19.1,10.0,1,48.4,79.5,83.2,-1.0,-1.0,-1.0,86.8,5.0,0.0,16.0
0,41,0,9,9903.69,18.1,88.7,11.0,3,43.8,100.0,67.1,-1.0,-1.0,-1.0,86.3,3.0,0.0,90.0
0,41,0,16,8477.63,19.3,25.4,12.0,3,67.2,77.2,77.3,-1.0,-1.0,-1.0,91.5,4.0,0.0,80.0
0,50,1,10,10644.86,32.3,14.4,12.0,3,68.5,63.0,69.6,-1.0,-1.0,-1.0,88.6,1.0,0.0,24.0
0,38,1,15,11693.16,15.7,68.8,17.0,2,63.1,100.0,77.3,-1.0,-1.0,-1.0,90.2,5.0,0.0,832.0
0,30,0,4,8713.56,32.5,24.4,7.0,5,67.8,68.0,69.3,-1.0,-1.0,-1.0,93.0,2.0,0.0,54.0
0,47,0,18,10902.63,33.2,13.9,13.0,2,68.0,61.2,61.8,-1.0,-1.0,-1.0,85.1,5.0,0.0,1.0
1,36,1,17,38462.15,10.7,6.5,17.0,3,51.1,58.0,55.9,102.6,23.0,6966.31,-1.0,-1.0,-1.0,2.0
0,55,1,28,12051.1,41.6,10.9,12.0,3,55.2,52.4,78.3,-1.0,-1.0,-1.0,87.0,7.0,0.0,1.0
0,38,0,62,10810.8,35.1,28.7,9.0,4,60.1,94.0,74.4,-1.0,-1.0,-1.0,92.9,3.0,0.0,200.0
0,23,1,29,12330.62,78.0,35.3,11.0,2,62.0,79.5,80.6,-1.0,-1.0,-1.0,83.8,3.0,0.0,275.0
0,40,0,80,9638.65,54.8,56.1,8.0,3,68.2,100.0,71.4,-1.0,-1.0,-1.0,100.0,8.0,0.0,36.0
1,26,1,37,31944.54,4.8,4.2,16.0,3,75.6,52.3,76.2,80.8,28.0,202.23,-1.0,-1.0,-1.0,2.0
1,29,1,16,27522.27,25.4,3.9,15.0,3,70.8,58.3,71.0,105.6,26.0,5630.62,-1.0,-1.0,-1.0,1.0
1,57,0,120,25003.47,24.7,11.2,5.0,3,55.4,63.2,74.8,95.7,17.0,3148.73,-1.0,-1.0,-1.0,45.0
0,46,1,12,9723.67,14.1,14.8,12.0,3,61.8,41.8,53.6,-1.0,-1.0,-1.0,88.6,3.0,0.0,36.0
1,44,2,11,28124.26,8.4,32.5,14.0,3,59.1,91.0,88.3,88.5,21.0,1909.37,-1.0,-1.0,-1.0,80.0
0,31,2,10,10617.58,18.8,21.3,10.0,4,57.3,68.1,73.5,-1.0,-1.0,-1.0,100.0,2.0,0.0,432.0
1,36,1,59,36457.61,11.4,6.3,11.0,3,59.0,46.7,70.3,101.5,21.0,6281.94,-1.0,-1.0,-1.0,45.0
0,52,0,40,9332.18,25.9,55.1,9.0,2,66.9,100.0,65.7,-1.0,-1.0,-1.0,78.1,3.0,0.0,36.0
1,29,0,13,39070.94,12.9,5.5,9.0,4,57.9,53.3,77.9,102.7,29.0,7083.06,-1.0,-1.0,-1.0,16.0
0,48,0,11,8990.77,38.6,6.8,14.0,3,74.9,52.8,74.1,-1.0,-1.0,-1.0,97.2,3.0,0.0,36.0
1,28,0,2,35049.4,13.0,20.4,7.0,3,64.8,63.0,80.9,98.1,16.0,5064.81,-1.0,-1.0,-1.0,1.0
1,25,0,3,19507.53,32.5,27.9,21.0,2,65.3,81.3,61.5,80.4,20.0,65.69,-1.0,-1.0,-1.0,16.0
0,36,0,29,13082.51,22.2,40.2,11.0,2,50.6,96.0,43.5,-1.0,-1.0,-1.0,85.7,3.0,0.0,396.0
0,27,1,106,8666.15,19.0,26.4,16.0,3,91.7,74.6,66.9,-1.0,-1.0,-1.0,96.7,2.0,0.0,375.0
1,36,0,5,25576.02,13.2,8.1,11.0,3,67.5,47.3,82.9,91.7,30.0,2388.96,-1.0,-1.0,-1.0,0.0
0,35,0,18,13018.9,23.8,54.0,9.0,3,57.8,100.0,71.9,-1.0,-1.0,-1.0,86.9,5.0,0.0,1.0
0,40,1,14,13605.41,45.0,30.2,9.0,2,59.6,94.3,86.7,-1.0,-1.0,-1.0,84.6,4.0,0.0,2.0
0,38,0,7,10503.46,30.2,35.8,8.0,5,74.7,95.5,70.0,-1.0,-1.0,-1.0,96.2,0.0,0.0,588.0
1,40,0,6,36317.64,14.8,2.2,10.0,3,85.4,41.0,81.2,98.7,38.0,5430.34,-1.0,-1.0,-1.0,0.0
0,34,1,1,11593.7,25.2,8.0,10.0,4,48.3,59.8,76.7,-1.0,-1.0,-1.0,95.8,0.0,0.0,32.0
0,30,2,34,9837.0,32.1,51.0,12.0,4,49.1,100.0,67.5,-1.0,-1.0,-1.0,93.8,2.0,0.0,432.0
0,49,1,35,10398.63,32.8,19.3,10.0,3,69.9,84.3,67.3,-1.0,-1.0,-1.0,88.2,4.0,0.0,45.0
1,32,0,116,34197.51,20.8,12.0,11.0,4,78.2,46.5,84.2,98.1,24.0,4941.38,-1.0,-1.0,-1.0,0.0
0,33,1,19,12277.1,12.5,99.3,11.0,3,66.4,100.0,65.4,-1.0,-1.0,-1.0,96.0,0.0,0.0,28.0
1,36,1,144,29450.53,10.0,4.0,8.0,4,66.6,53.6,60.4,108.6,28.0,6740.02,-1.0,-1.0,-1.0,36.0
0,41,1,11,9934.98,48.4,33.0,13.0,3,53.4,76.9,84.8,-1.0,-1.0,-1.0,90.3,2.0,0.0,72.0
1,32,0,12,34437.8,4.8,19.5,16.0,2,67.9,57.9,78.2,87.7,20.0,2109.88,-1.0,-1.0,-1.0,0.0
0,42,0,8,11612.0,15.6,10.6,10.0,3,58.2,65.3,89.8,-1.0,-1.0,-1.0,84.3,5.0,1.0,63.0
0,31,0,19,14147.33,50.9,21.8,12.0,4,60.0,83.3,64.3,-1.0,-1.0,-1.0,94.7,2.0,0.0,144.0
0,44,0,55,9213.63,30.8,16.4,9.0,4,60.1,64.0,67.8,-1.0,-1.0,-1.0,100.0,5.0,0.0,27.0
0,31,1,14,12487.63,24.1,20.4,11.0,1,62.8,73.6,73.5,-1.0,-1.0,-1.0,84.3,3.0,1.0,20.0
1,31,1,53,28560.31,7.7,7.0,15.0,4,47.3,60.3,82.4,105.5,27.0,5825.39,-1.0,-1.0,-1.0,0.0
0,41,1,26,11346.43,14.0,26.2,14.0,3,75.4,87.8,75.2,-1.0,-1.0,-1.0,90.5,5.0,0.0,24.0
0,26,1,3,10779.41,17.4,28.3,6.0,5,65.1,74.8,79.4,-1.0,-1.0,-1.0,88.9,1.0,0.0,12.0
1,37,0,6,37037.22,5.5,23.7,5.0,3,55.1,66.6,78.3,98.2,32.0,5381.81,-1.0,-1.0,-1.0,80.0
0,24,1,26,10201.74,26.7,23.0,10.0,3,52.6,79.3,61.9,-1.0,-1.0,-1.0,85.6,1.0,0.0,1.0
0,54,1,38,11048.75,32.6,12.9,12.0,1,57.6,59.6,74.5,-1.0,-1.0,-1.0,79.1,3.0,0.0,28.0
0,22,0,18,10435.15,22.7,17.7,13.0,3,72.0,66.7,62.6,-1.0,-1.0,-1.0,77.6,3.0,0.0,128.0
1,33,1,86,32006.9,5.4,15.8,8.0,3,71.6,62.3,63.5,111.6,29.0,8093.54,-1.0,-1.0,-1.0,1.0
0,45,0,8,11302.37,23.2,5.8,12.0,5,75.4,57.3,85.9,-1.0,-1.0,-1.0,94.4,2.0,0.0,0.0
0,33,0,19,12577.39,13.7,30.3,12.0,3,62.0,71.8,80.4,-1.0,-1.0,-1.0,83.3,4.0,0.0,468.0
0,43,1,86,9711.15,11.6,51.4,10.0,4,62.4,100.0,75.7,-1.0,-1.0,-1.0,93.5,3.0,0.0,275.0
0,29,0,21,9227.72,22.9,43.4,12.0,4,71.3,100.0,74.9,-1.0,-1.0,-1.0,91.8,0.0,0.0,54.0
0,26,0,25,9553.33,21.4,39.7,16.0,2,46.2,96.9,64.3,-1.0,-1.0,-1.0,82.6,3.0,0.0,324.0
0,47,0,59,10947.49,16.1,31.8,14.0,3,68.2,79.5,77.4,-1.0,-1.0,-1.0,86.9,8.0,0.0,200.0
1,35,0,10,32412.21,10.5,13.0,16.0,2,63.5,40.9,86.1,86.8,21.0,1771.97,-1.0,-1.0,-1.0,3.0
0,49,0,49,11564.53,16.8,9.4,14.0,3,60.6,43.5,83.2,-1.0,-1.0,-1.0,85.5,5.0,0.0,0.0
0,34,0,10,11310.71,19.4,13.0,14.0,4,69.0,59.0,93.1,-1.0,-1.0,-1.0,97.7,1.0,0.0,1.0
0,41,1,19,10843.55,15.5,28.3,12.0,5,60.9,86.3,79.1,-1.0,-1.0,-1.0,99.4,0.0,0.0,1.0
1,29,1,14,26523.0,15.9,7.6,12.0,4,64.8,36.2,81.2,95.7,25.0,3339.19,-1.0,-1.0,-1.0,0.0
0,31,1,27,9909.29,19.3,10.8,15.0,3,40.7,47.1,66.4,-1.0,-1.0,-1.0,91.3,5.0,0.0,8.0
0,31,1,1,9678.4,14.8,46.8,14.0,3,57.2,100.0,64.6,-1.0,-1.0,-1.0,89.8,1.0,1.0,63.0
0,39,1,3,11224.01,22.7,15.4,8.0,5,75.8,60.3,85.4,-1.0,-1.0,-1.0,91.6,0.0,0.0,8.0
1,34,1,26,38555.84,11.6,7.5,11.0,2,68.7,49.7,69.5,112.0,24.0,9867.38,-1.0,-1.0,-1.0,0.0
0,35,0,30,9275.94,28.1,34.3,22.0,3,66.1,91.2,69.2,-1.0,-1.0,-1.0,89.1,2.0,0.0,27.0
0,48,0,38,9759.53,23.9,32.6,11.0,4,65.4,92.8,68.5,-1.0,-1.0,-1.0,94.5,5.0,0.0,72.0
0,42,0,60,13500.89,20.1,11.9,9.0,4,57.9,60.3,68.0,-1.0,-1.0,-1.0,98.2,0.0,0.0,1.0
0,52,0,9,10348.95,47.1,15.9,9.0,2,73.2,54.1,74.8,-1.0,-1.0,-1.0,86.7,2.0,1.0,0.0
1,45,1,58,20993.78,26.7,8.4,10.0,3,55.6,62.3,75.6,97.3,23.0,2905.73,-1.0,-1.0,-1.0,0.0
0,27,0,6,13711.39,22.4,26.4,10.0,3,61.0,92.2,81.7,-1.0,-1.0,-1.0,90.3,2.0,0.0,1.0
0,32,1,5,13602.25,24.8,35.7,14.0,2,68.3,86.6,71.1,-1.0,-1.0,-1.0,89.6,2.0,0.0,2.0
0,51,1,52,14955.0,21.6,17.9,11.0,3,73.1,63.5,78.4,-1.0,-1.0,-1.0,86.2,0.0,0.0,3.0
1,25,1,2,32798.04,13.7,12.8,15.0,3,80.9,45.9,83.5,89.3,28.0,2441.32,-1.0,-1.0,-1.0,0.0
0,39,0,4,11155.32,5.3,24.5,9.0,3,54.7,77.7,81.4,-1.0,-1.0,-1.0,85.5,2.0,0.0,1.0
1,56,0,28,31048.31,10.6,5.6,8.0,3,57.3,42.1,83.4,93.8,34.0,3418.75,-1.0,-1.0,-1.0,2.0
0,51,0,59,13329.29,17.3,48.8,17.0,1,42.2,100.0,49.0,-1.0,-1.0,-1.0,75.6,5.0,0.0,20.0
0,32,0,26,11968.84,11.6,27.7,11.0,3,66.2,90.3,68.4,-1.0,-1.0,-1.0,84.3,8.0,0.0,300.0
1,39,0,3,33686.82,5.1,7.1,13.0,3,53.7,51.6,76.6,102.2,23.0,5985.27,-1.0,-1.0,-1.0,16.0
1,22,0,8,29763.91,3.6,9.8,14.0,5,62.4,51.6,73.7,100.4,23.0,4846.27,-1.0,-1.0,-1.0,16.0
0,44,0,3,10172.21,66.4,27.2,13.0,3,54.7,87.3,78.3,-1.0,-1.0,-1.0,92.0,4.0,0.0,396.0
1,36,0,13,29190.35,4.7,3.7,14.0,4,64.8,44.9,78.1,100.3,22.0,4736.12,-1.0,-1.0,-1.0,0.0
1,27,0,93,32234.9,5.0,11.1,10.0,3,54.9,49.4,61.6,73.1,24.0,0.0,-1.0,-1.0,-1.0,1.0
0,37,1,10,12436.59,16.7,24.2,12.0,5,48.8,70.8,61.9,-1.0,-1.0,-1.0,96.2,0.0,0.0,72.0
0,42,1,5,14515.48,19.0,29.4,11.0,3,46.5,92.9,61.4,-1.0,-1.0,-1.0,93.0,7.0,0.0,360.0
1,45,1,47,29464.38,11.5,11.1,16.0,4,61.2,62.1,71.4,99.9,30.0,4679.11,-1.0,-1.0,-1.0,12.0
0,31,0,19,12115.85,13.8,14.7,12.0,4,74.7,60.3,76.8,-1.0,-1.0,-1.0,85.3,0.0,0.0,2.0
0,32,0,16,13414.28,21.9,17.1,10.0,4,61.1,62.0,85.6,-1.0,-1.0,-1.0,96.2,4.0,0.0,1.0
0,37,0,12,14000.16,14.2,38.6,14.0,3,84.0,97.3,67.9,-1.0,-1.0,-1.0,78.0,3.0,0.0,90.0
0,31,1,51,10749.32,25.4,46.8,15.0,2,36.4,100.0,79.7,-1.0,-1.0,-1.0,81.0,10.0,0.0,225.0
0,34,0,10,12191.4,10.5,10.7,13.0,2,57.8,69.0,64.6,-1.0,-1.0,-1.0,92.6,4.0,0.0,360.0
0,49,1,39,9086.25,37.0,26.8,19.0,3,60.0,77.5,76.5,-1.0,-1.0,-1.0,94.1,4.0,0.0,252.0
1,55,1,64,29206.02,10.9,13.8,17.0,1,54.8,61.3,82.1,68.1,15.0,0.0,-1.0,-1.0,-1.0,0.0
0,32,1,6,10609.54,30.4,26.7,19.0,2,49.1,80.9,61.2,-1.0,-1.0,-1.0,86.8,3.0,0.0,2.0
1,35,1,8,28162.44,10.0,7.8,9.0,3,67.7,41.2,82.8,94.7,27.0,3308.41,-1.0,-1.0,-1.0,0.0
1,37,0,18,26217.94,46.7,6.1,7.0,3,67.2,44.8,88.1,105.1,27.0,5262.0,-1.0,-1.0,-1.0,0.0
0,48,1,28,13498.21,35.8,23.1,12.0,2,81.9,66.3,66.5,-1.0,-1.0,-1.0,84.6,1.0,0.0,0.0
1,32,0,49,41083.03,13.7,15.2,17.0,4,76.9,67.0,72.2,113.2,33.0,10923.5,-1.0,-1.0,-1.0,16.0
1,29,0,47,28466.47,15.3,7.4,15.0,3,56.2,54.6,64.7,93.5,19.0,3074.79,-1.0,-1.0,-1.0,0.0
0,34,0,5,10537.95,32.2,26.0,10.0,3,73.6,75.0,64.8,-1.0,-1.0,-1.0,87.6,2.0,0.0,12.0
1,34,0,1,30336.81,17.8,7.6,10.0,5,64.2,56.8,82.7,86.0,21.0,1456.21,-1.0,-1.0,-1.0,28.0
0,36,1,146,11761.99,17.9,32.5,16.0,4,62.2,82.6,61.6,-1.0,-1.0,-1.0,90.5,4.0,0.0,8.0
0,51,1,4,8021.81,15.7,2.4,11.0,2,62.6,39.9,78.6,-1.0,-1.0,-1.0,86.0,5.0,0.0,0.0
0,31,1,33,12423.72,20.0,64.0,12.0,4,55.1,100.0,80.5,-1.0,-1.0,-1.0,100.0,1.0,0.0,8.0
0,41,0,25,10420.19,32.3,11.2,11.0,3,75.2,62.5,76.1,-1.0,-1.0,-1.0,91.0,3.0,0.0,0.0
0,35,0,3,11243.57,8.8,35.4,18.0,3,57.4,95.4,77.4,-1.0,-1.0,-1.0,80.8,4.0,0.0,150.0
0,33,0,58,12818.39,22.2,40.6,16.0,4,56.6,99.9,71.3,-1.0,-1.0,-1.0,97.5,0.0,0.0,612.0
1,31,0,102,38138.6,2.8,13.1,11.0,3,58.3,59.0,78.8,76.4,17.0,0.0,-1.0,-1.0,-1.0,63.0
