week_start_date,department,headcount,hours_scheduled,hours_absent,absenteeism_rate
2024-06-04,Almacén,150,7200.0,753.5,0.1047
2024-06-04,Ventas Técnicas,50,2000.0,138.6,0.0693
2024-06-11,Almacén,150,7200.0,758.1,0.1053
2024-06-11,Ventas Técnicas,50,2000.0,134.1,0.067
2024-06-18,Almacén,150,7200.0,417.1,0.0579
2024-06-18,Ventas Técnicas,50,2000.0,63.7,0.0319
2024-06-25,Almacén,150,7200.0,418.5,0.0581
2024-06-25,Ventas Técnicas,50,2000.0,55.4,0.0277
2024-07-02,Almacén,150,7200.0,374.4,0.052
2024-07-02,Ventas Técnicas,50,2000.0,66.5,0.0333
2024-07-09,Almacén,151,7248.0,449.4,0.062
2024-07-09,Ventas Técnicas,50,2000.0,83.9,0.042
2024-07-16,Almacén,151,7248.0,386.9,0.0534
2024-07-16,Ventas Técnicas,50,2000.0,53.6,0.0268
2024-07-23,Almacén,151,7248.0,365.0,0.0504
2024-07-23,Ventas Técnicas,50,2000.0,65.7,0.0329
2024-07-30,Almacén,151,7248.0,412.0,0.0568
2024-07-30,Ventas Técnicas,50,2000.0,42.8,0.0214
2024-08-06,Almacén,152,7296.0,340.8,0.0467
2024-08-06,Ventas Técnicas,50,2000.0,58.0,0.029
2024-08-13,Almacén,152,7296.0,375.8,0.0515
2024-08-13,Ventas Técnicas,50,2000.0,52.8,0.0264
2024-08-20,Almacén,152,7296.0,317.3,0.0435
2024-08-20,Ventas Técnicas,50,2000.0,23.0,0.0115
2024-08-27,Almacén,152,7296.0,305.2,0.0418
2024-08-27,Ventas Técnicas,50,2000.0,45.3,0.0226
2024-09-03,Almacén,152,7296.0,401.6,0.055
2024-09-03,Ventas Técnicas,50,2000.0,30.7,0.0153
2024-09-10,Almacén,153,7344.0,398.0,0.0542
2024-09-10,Ventas Técnicas,51,2040.0,40.7,0.02
2024-09-17,Almacén,153,7344.0,251.3,0.0342
2024-09-17,Ventas Técnicas,51,2040.0,31.1,0.0152
2024-09-24,Almacén,153,7344.0,322.8,0.044
2024-09-24,Ventas Técnicas,51,2040.0,10.2,0.005
2024-10-01,Almacén,153,7344.0,304.1,0.0414
2024-10-01,Ventas Técnicas,51,2040.0,34.8,0.0171
2024-10-08,Almacén,154,7392.0,435.0,0.0588
2024-10-08,Ventas Técnicas,51,2040.0,60.3,0.0296
2024-10-15,Almacén,154,7392.0,405.1,0.0548
2024-10-15,Ventas Técnicas,51,2040.0,56.1,0.0275
2024-10-22,Almacén,154,7392.0,212.7,0.0288
2024-10-22,Ventas Técnicas,51,2040.0,10.2,0.005
2024-10-29,Almacén,154,7392.0,234.6,0.0317
2024-10-29,Ventas Técnicas,51,2040.0,15.1,0.0074
2024-11-05,Almacén,154,7392.0,224.6,0.0304
2024-11-05,Ventas Técnicas,51,2040.0,10.2,0.005
2024-11-12,Almacén,155,7440.0,271.8,0.0365
2024-11-12,Ventas Técnicas,51,2040.0,15.5,0.0076
2024-11-19,Almacén,155,7440.0,221.8,0.0298
2024-11-19,Ventas Técnicas,51,2040.0,16.4,0.008
2024-11-26,Almacén,155,7440.0,224.9,0.0302
2024-11-26,Ventas Técnicas,51,2040.0,11.9,0.0058
2024-12-03,Almacén,155,7440.0,279.6,0.0376
2024-12-03,Ventas Técnicas,51,2040.0,10.2,0.005
2024-12-10,Almacén,156,7488.0,204.2,0.0273
2024-12-10,Ventas Técnicas,52,2080.0,11.3,0.0054
2024-12-17,Almacén,156,7488.0,201.9,0.027
2024-12-17,Ventas Técnicas,52,2080.0,11.2,0.0054
2024-12-24,Almacén,156,7488.0,248.7,0.0332
2024-12-24,Ventas Técnicas,52,2080.0,10.4,0.005
2024-12-31,Almacén,156,7488.0,286.9,0.0383
2024-12-31,Ventas Técnicas,52,2080.0,16.1,0.0077
2025-01-07,Almacén,156,7488.0,320.4,0.0428
2025-01-07,Ventas Técnicas,52,2080.0,22.8,0.011
2025-01-14,Almacén,157,7536.0,316.0,0.0419
2025-01-14,Ventas Técnicas,52,2080.0,35.8,0.0172
2025-01-21,Almacén,157,7536.0,294.8,0.0391
2025-01-21,Ventas Técnicas,52,2080.0,26.6,0.0128
2025-01-28,Almacén,157,7536.0,252.9,0.0336
2025-01-28,Ventas Técnicas,52,2080.0,42.9,0.0206
2025-02-04,Almacén,157,7536.0,319.9,0.0424
2025-02-04,Ventas Técnicas,52,2080.0,23.2,0.0112
2025-02-11,Almacén,158,7584.0,369.4,0.0487
2025-02-11,Ventas Técnicas,52,2080.0,14.8,0.0071
2025-02-18,Almacén,158,7584.0,453.1,0.0597
2025-02-18,Ventas Técnicas,52,2080.0,82.0,0.0394
2025-02-25,Almacén,158,7584.0,353.5,0.0466
2025-02-25,Ventas Técnicas,52,2080.0,37.9,0.0182
2025-03-04,Almacén,158,7584.0,368.8,0.0486
2025-03-04,Ventas Técnicas,52,2080.0,28.4,0.0137
2025-03-11,Almacén,159,7632.0,428.7,0.0562
2025-03-11,Ventas Técnicas,53,2120.0,52.9,0.025
2025-03-18,Almacén,159,7632.0,404.9,0.0531
2025-03-18,Ventas Técnicas,53,2120.0,55.3,0.0261
2025-03-25,Almacén,159,7632.0,429.2,0.0562
2025-03-25,Ventas Técnicas,53,2120.0,68.8,0.0325
2025-04-01,Almacén,159,7632.0,439.3,0.0576
2025-04-01,Ventas Técnicas,53,2120.0,50.9,0.024
2025-04-08,Almacén,159,7632.0,474.9,0.0622
2025-04-08,Ventas Técnicas,53,2120.0,73.9,0.0349
2025-04-15,Almacén,160,7680.0,474.3,0.0618
2025-04-15,Ventas Técnicas,53,2120.0,82.9,0.0391
2025-04-22,Almacén,160,7680.0,476.9,0.0621
2025-04-22,Ventas Técnicas,53,2120.0,85.9,0.0405
2025-04-29,Almacén,160,7680.0,537.7,0.07
2025-04-29,Ventas Técnicas,53,2120.0,82.5,0.0389
2025-05-06,Almacén,160,7680.0,461.5,0.0601
2025-05-06,Ventas Técnicas,53,2120.0,76.7,0.0362
2025-05-13,Almacén,161,7728.0,546.0,0.0707
2025-05-13,Ventas Técnicas,53,2120.0,63.5,0.03
2025-05-20,Almacén,161,7728.0,756.8,0.0979
2025-05-20,Ventas Técnicas,53,2120.0,150.9,0.0712
2025-05-27,Almacén,161,7728.0,740.1,0.0958
2025-05-27,Ventas Técnicas,53,2120.0,164.2,0.0775
2025-06-03,Almacén,161,7728.0,788.1,0.102
2025-06-03,Ventas Técnicas,53,2120.0,147.4,0.0695
2025-06-10,Almacén,161,7728.0,795.1,0.1029
2025-06-10,Ventas Técnicas,53,2120.0,152.8,0.0721
2025-06-17,Almacén,162,7776.0,466.4,0.06
2025-06-17,Ventas Técnicas,54,2160.0,73.1,0.0338
2025-06-24,Almacén,162,7776.0,512.9,0.066
2025-06-24,Ventas Técnicas,54,2160.0,89.6,0.0415
2025-07-01,Almacén,162,7776.0,470.5,0.0605
2025-07-01,Ventas Técnicas,54,2160.0,83.5,0.0387
2025-07-08,Almacén,162,7776.0,543.0,0.0698
2025-07-08,Ventas Técnicas,54,2160.0,61.8,0.0286
2025-07-15,Almacén,163,7824.0,489.2,0.0625
2025-07-15,Ventas Técnicas,54,2160.0,81.9,0.0379
2025-07-22,Almacén,163,7824.0,461.2,0.0589
2025-07-22,Ventas Técnicas,54,2160.0,83.4,0.0386
2025-07-29,Almacén,163,7824.0,539.6,0.069
2025-07-29,Ventas Técnicas,54,2160.0,70.6,0.0327
2025-08-05,Almacén,163,7824.0,432.3,0.0553
2025-08-05,Ventas Técnicas,54,2160.0,74.1,0.0343
2025-08-12,Almacén,163,7824.0,461.6,0.059
2025-08-12,Ventas Técnicas,54,2160.0,32.8,0.0152
2025-08-19,Almacén,164,7872.0,418.0,0.0531
2025-08-19,Ventas Técnicas,54,2160.0,52.1,0.0241
2025-08-26,Almacén,164,7872.0,420.2,0.0534
2025-08-26,Ventas Técnicas,54,2160.0,50.6,0.0234
2025-09-02,Almacén,164,7872.0,387.8,0.0493
2025-09-02,Ventas Técnicas,54,2160.0,39.7,0.0184
2025-09-09,Almacén,164,7872.0,406.8,0.0517
2025-09-09,Ventas Técnicas,54,2160.0,63.3,0.0293
2025-09-16,Almacén,165,7920.0,333.8,0.0421
2025-09-16,Ventas Técnicas,55,2200.0,27.3,0.0124
2025-09-23,Almacén,165,7920.0,355.8,0.0449
2025-09-23,Ventas Técnicas,55,2200.0,38.9,0.0177
2025-09-30,Almacén,165,7920.0,389.9,0.0492
2025-09-30,Ventas Técnicas,55,2200.0,22.5,0.0102
2025-10-07,Almacén,165,7920.0,470.2,0.0594
2025-10-07,Ventas Técnicas,55,2200.0,53.5,0.0243
2025-10-14,Almacén,165,7920.0,536.6,0.0678
2025-10-14,Ventas Técnicas,55,2200.0,77.3,0.0351
2025-10-21,Almacén,166,7968.0,299.1,0.0375
2025-10-21,Ventas Técnicas,55,2200.0,13.7,0.0062
2025-10-28,Almacén,166,7968.0,261.9,0.0329
2025-10-28,Ventas Técnicas,55,2200.0,31.0,0.0141
2025-11-04,Almacén,166,7968.0,261.7,0.0328
2025-11-04,Ventas Técnicas,55,2200.0,26.2,0.0119
2025-11-11,Almacén,166,7968.0,383.7,0.0482
2025-11-11,Ventas Técnicas,55,2200.0,20.2,0.0092
2025-11-18,Almacén,167,8016.0,263.7,0.0329
2025-11-18,Ventas Técnicas,55,2200.0,27.8,0.0126
2025-11-25,Almacén,167,8016.0,253.1,0.0316
2025-11-25,Ventas Técnicas,55,2200.0,42.5,0.0193
2025-12-02,Almacén,167,8016.0,360.1,0.0449
2025-12-02,Ventas Técnicas,55,2200.0,22.2,0.0101
2025-12-09,Almacén,167,8016.0,271.3,0.0338
2025-12-09,Ventas Técnicas,55,2200.0,20.3,0.0092
2025-12-16,Almacén,168,8064.0,302.4,0.0375
2025-12-16,Ventas Técnicas,56,2240.0,31.1,0.0139
2025-12-23,Almacén,168,8064.0,363.0,0.045
2025-12-23,Ventas Técnicas,56,2240.0,17.1,0.0076
2025-12-30,Almacén,168,8064.0,370.2,0.0459
2025-12-30,Ventas Técnicas,56,2240.0,38.0,0.017
2026-01-06,Almacén,168,8064.0,318.8,0.0395
2026-01-06,Ventas Técnicas,56,2240.0,21.6,0.0096
2026-01-13,Almacén,168,8064.0,355.1,0.044
2026-01-13,Ventas Técnicas,56,2240.0,25.0,0.0112
2026-01-20,Almacén,169,8112.0,406.4,0.0501
2026-01-20,Ventas Técnicas,56,2240.0,27.7,0.0124
2026-01-27,Almacén,169,8112.0,400.5,0.0494
2026-01-27,Ventas Técnicas,56,2240.0,43.1,0.0192
2026-02-03,Almacén,169,8112.0,369.7,0.0456
2026-02-03,Ventas Técnicas,56,2240.0,46.7,0.0208
2026-02-10,Almacén,169,8112.0,451.1,0.0556
2026-02-10,Ventas Técnicas,56,2240.0,38.6,0.0172
2026-02-17,Almacén,170,8160.0,530.7,0.065
2026-02-17,Ventas Técnicas,56,2240.0,81.4,0.0363
2026-02-24,Almacén,170,8160.0,439.1,0.0538
2026-02-24,Ventas Técnicas,56,2240.0,52.8,0.0236
2026-03-03,Almacén,170,8160.0,384.1,0.0471
2026-03-03,Ventas Técnicas,56,2240.0,52.9,0.0236
2026-03-10,Almacén,170,8160.0,538.4,0.066
2026-03-10,Ventas Técnicas,56,2240.0,71.7,0.032
2026-03-17,Almacén,170,8160.0,495.2,0.0607
2026-03-17,Ventas Técnicas,56,2240.0,69.9,0.0312
2026-03-24,Almacén,171,8208.0,501.6,0.0611
2026-03-24,Ventas Técnicas,57,2280.0,73.5,0.0322
2026-03-31,Almacén,171,8208.0,538.9,0.0657
2026-03-31,Ventas Técnicas,57,2280.0,83.3,0.0365
2026-04-07,Almacén,171,8208.0,481.7,0.0587
2026-04-07,Ventas Técnicas,57,2280.0,88.5,0.0388
2026-04-14,Almacén,171,8208.0,440.2,0.0536
2026-04-14,Ventas Técnicas,57,2280.0,93.5,0.041
2026-04-21,Almacén,172,8256.0,496.2,0.0601
2026-04-21,Ventas Técnicas,57,2280.0,90.4,0.0396
2026-04-28,Almacén,172,8256.0,513.6,0.0622
2026-04-28,Ventas Técnicas,57,2280.0,93.9,0.0412
2026-05-05,Almacén,172,8256.0,593.7,0.0719
2026-05-05,Ventas Técnicas,57,2280.0,112.9,0.0495
2026-05-12,Almacén,172,8256.0,511.5,0.062
2026-05-12,Ventas Técnicas,57,2280.0,108.4,0.0475
2026-05-19,Almacén,172,8256.0,873.0,0.1057
2026-05-19,Ventas Técnicas,57,2280.0,172.9,0.0758
2026-05-26,Almacén,173,8304.0,906.0,0.1091
2026-05-26,Ventas Técnicas,57,2280.0,175.8,0.0771
