employee_id,leadership_index,workload_index,organizational_environment_index
EMP0001,66.9,100.0,65.7
EMP0002,71.6,52.5,72.2
EMP0003,69.7,62.0,69.1
EMP0004,65.6,100.0,87.1
EMP0005,69.6,51.4,81.5
EMP0006,62.0,91.7,71.0
EMP0007,64.9,63.1,78.3
EMP0008,64.7,59.1,65.9
EMP0009,77.8,60.7,79.7
EMP0010,81.8,71.9,65.3
EMP0011,82.7,44.3,80.2
EMP0012,50.4,76.2,75.4
EMP0013,49.1,100.0,67.5
EMP0014,62.8,97.2,61.8
EMP0015,69.2,100.0,68.2
EMP0016,58.6,100.0,63.6
EMP0017,61.9,54.3,88.8
EMP0018,73.4,59.6,79.7
EMP0019,64.5,50.4,84.5
EMP0020,67.7,87.1,91.2
EMP0021,75.4,87.8,75.2
EMP0022,52.8,100.0,75.5
EMP0023,62.9,100.0,80.9
EMP0024,60.5,76.5,73.8
EMP0025,66.5,57.3,62.4
EMP0026,62.5,80.0,68.6
EMP0027,57.7,100.0,75.2
EMP0028,56.4,65.7,67.1
EMP0029,56.2,66.0,74.3
EMP0030,63.1,100.0,77.3
EMP0031,45.2,56.6,69.0
EMP0032,82.3,79.2,90.0
EMP0033,42.2,100.0,49.0
EMP0034,58.0,100.0,80.2
EMP0035,62.3,100.0,63.2
EMP0036,65.1,74.8,79.4
EMP0037,50.8,88.1,75.5
EMP0038,49.3,100.0,62.4
EMP0039,61.9,57.1,88.3
EMP0040,55.1,100.0,69.3
EMP0041,58.3,44.4,69.4
EMP0042,73.1,53.6,82.3
EMP0043,55.6,90.2,84.1
EMP0044,54.9,49.4,61.6
EMP0045,58.0,69.4,77.8
EMP0046,48.1,100.0,65.4
EMP0047,47.1,51.7,66.6
EMP0048,79.3,49.9,80.2
EMP0049,46.9,81.0,80.3
EMP0050,44.4,56.0,67.9
EMP0051,66.4,100.0,65.4
EMP0052,57.7,63.2,75.2
EMP0053,57.0,52.9,83.5
EMP0054,57.3,42.1,83.4
EMP0055,70.5,80.5,63.2
EMP0056,68.2,100.0,71.4
EMP0057,67.8,68.0,69.3
EMP0058,75.4,100.0,76.8
EMP0059,64.4,62.3,81.4
EMP0060,62.5,100.0,68.3
EMP0061,62.0,71.8,80.4
EMP0062,69.6,54.6,72.5
EMP0063,56.1,89.0,68.5
EMP0064,66.2,100.0,86.7
EMP0065,61.9,59.7,73.2
EMP0066,53.4,83.0,72.3
EMP0067,62.1,100.0,73.9
EMP0068,45.1,71.8,76.8
EMP0069,53.7,53.5,66.2
EMP0070,62.5,52.9,62.7
EMP0071,51.2,44.3,77.0
EMP0072,74.2,47.0,92.6
EMP0073,61.7,77.4,70.8
EMP0074,67.6,45.9,74.9
EMP0075,51.6,72.5,80.3
EMP0076,72.2,69.9,72.8
EMP0077,54.5,46.7,78.8
EMP0078,81.9,66.3,66.5
EMP0079,81.3,44.1,84.4
EMP0080,50.9,93.9,58.6
EMP0081,75.1,100.0,68.4
EMP0082,40.7,47.1,66.4
EMP0083,80.8,51.7,84.0
EMP0084,58.9,71.4,68.8
EMP0085,66.2,58.0,59.2
EMP0086,51.4,100.0,64.6
EMP0087,61.7,72.4,73.0
EMP0088,57.7,53.7,90.4
EMP0089,62.7,81.4,70.4
EMP0090,69.7,47.4,81.3
EMP0091,54.0,47.9,95.8
EMP0092,73.3,37.2,66.7
EMP0093,58.7,100.0,73.6
EMP0094,65.1,65.6,65.7
EMP0095,54.2,54.6,68.1
EMP0096,50.1,94.2,65.7
EMP0097,44.4,72.6,79.6
EMP0098,60.6,76.0,79.1
EMP0099,57.9,38.4,79.3
EMP0100,48.3,100.0,67.3
EMP0101,58.9,71.9,73.6
EMP0102,61.1,43.2,66.0
EMP0103,73.6,69.7,66.7
EMP0104,68.5,65.0,85.1
EMP0105,63.5,48.5,79.1
EMP0106,36.7,85.4,72.9
EMP0107,61.2,100.0,61.9
EMP0108,81.3,63.6,84.5
EMP0109,68.2,53.4,71.6
EMP0110,59.2,100.0,74.3
EMP0111,71.2,100.0,60.0
EMP0112,71.8,55.7,82.0
EMP0113,91.7,74.6,66.9
EMP0114,66.5,58.8,92.9
EMP0115,58.4,89.3,79.8
EMP0116,57.8,88.3,75.7
EMP0117,73.5,68.4,86.0
EMP0118,64.2,87.5,73.8
EMP0119,65.2,53.8,76.4
EMP0120,78.5,66.7,64.4
EMP0121,57.1,60.6,72.1
EMP0122,69.9,68.4,74.3
EMP0123,52.7,76.9,79.1
EMP0124,79.7,21.8,86.4
EMP0125,58.0,100.0,53.3
EMP0126,74.8,79.9,81.8
EMP0127,65.7,51.8,72.5
EMP0128,73.8,57.7,67.4
EMP0129,53.3,56.1,62.7
EMP0130,72.4,92.5,71.0
EMP0131,71.3,71.2,88.5
EMP0132,55.2,100.0,73.5
EMP0133,57.1,77.3,61.8
EMP0134,68.0,100.0,71.0
EMP0135,75.3,46.3,82.8
EMP0136,62.2,82.6,61.6
EMP0137,61.2,62.1,71.4
EMP0138,64.8,56.2,83.2
EMP0139,60.0,84.2,78.1
EMP0140,57.7,80.0,71.2
EMP0141,66.4,87.0,69.5
EMP0142,84.2,55.0,86.2
EMP0143,65.7,100.0,71.7
EMP0144,61.4,100.0,79.7
EMP0145,62.7,66.9,82.8
EMP0146,61.6,96.3,73.2
EMP0147,63.8,63.3,70.4
EMP0148,50.0,100.0,57.6
EMP0149,63.1,51.9,77.2
EMP0150,36.4,100.0,79.7
EMP0151,67.0,74.3,89.3
EMP0152,81.1,77.6,67.7
EMP0153,50.8,64.6,73.4
EMP0154,62.7,57.8,81.3
EMP0155,54.8,100.0,64.8
EMP0156,54.7,87.3,78.3
EMP0157,47.3,60.3,82.4
EMP0158,65.3,72.4,78.9
EMP0159,57.2,100.0,71.1
EMP0160,62.0,94.1,75.0
EMP0161,73.3,73.2,68.8
EMP0162,83.9,50.1,78.0
EMP0163,59.3,100.0,63.3
EMP0164,57.8,69.0,64.6
EMP0165,40.0,100.0,62.3
EMP0166,70.0,61.5,70.7
EMP0167,76.9,70.5,82.1
EMP0168,65.2,62.6,63.1
EMP0169,51.4,100.0,74.5
EMP0170,68.3,67.5,59.2
EMP0171,63.7,75.7,74.2
EMP0172,65.8,66.7,64.9
EMP0173,66.5,100.0,62.7
EMP0174,51.2,51.4,89.1
EMP0175,62.6,51.8,79.0
EMP0176,61.5,99.5,74.8
EMP0177,68.4,95.1,70.3
EMP0178,88.6,48.7,87.6
EMP0179,63.1,79.0,70.3
EMP0180,51.6,61.3,70.5
EMP0181,66.4,93.9,51.6
EMP0182,70.9,100.0,68.5
EMP0183,55.7,57.0,71.1
EMP0184,60.9,63.5,59.7
EMP0185,63.9,53.6,85.9
EMP0186,59.1,67.1,82.4
EMP0187,54.7,77.7,81.4
EMP0188,61.7,82.8,73.8
EMP0189,57.6,71.0,73.4
EMP0190,74.2,85.2,75.4
EMP0191,65.3,47.6,85.7
EMP0192,65.4,46.9,77.2
EMP0193,70.7,43.9,78.0
EMP0194,73.6,75.0,64.8
EMP0195,73.9,63.3,78.9
EMP0196,66.6,58.7,77.4
EMP0197,60.6,59.2,88.1
EMP0198,62.5,43.3,73.1
EMP0199,58.3,59.0,78.8
EMP0200,70.7,70.8,66.6
EMP0201,60.0,77.5,76.5
EMP0202,74.0,51.7,87.3
EMP0203,60.1,50.2,72.0
EMP0204,55.7,100.0,82.9
EMP0205,52.1,80.0,66.0
EMP0206,63.6,37.6,72.6
EMP0207,74.0,76.2,84.5
EMP0208,69.6,56.6,77.4
EMP0209,55.2,52.4,78.3
EMP0210,52.7,74.0,81.6
EMP0211,64.3,96.6,79.8
EMP0212,49.6,70.4,77.3
EMP0213,62.7,80.4,70.8
EMP0214,55.1,50.8,69.3
EMP0215,67.0,39.0,69.8
EMP0216,56.2,66.9,71.6
EMP0217,60.9,100.0,80.1
EMP0218,79.9,54.9,88.8
EMP0219,62.9,78.9,73.2
EMP0220,56.1,100.0,54.5
EMP0221,53.0,57.0,66.8
EMP0222,60.0,90.7,59.9
EMP0223,74.2,54.4,68.5
EMP0224,49.1,53.2,91.4
EMP0225,61.5,100.0,55.0
EMP0226,67.2,50.5,76.4
EMP0227,53.1,73.9,81.5
EMP0228,79.6,57.9,73.5
EMP0229,70.8,73.1,61.7
EMP0230,73.6,73.8,65.6
EMP0231,84.2,44.8,68.8
EMP0232,65.2,55.1,53.8
EMP0233,64.6,99.1,73.5
EMP0234,58.5,75.9,78.5
EMP0235,48.8,70.8,61.9
EMP0236,76.4,36.6,67.9
EMP0237,57.3,100.0,68.8
EMP0238,55.6,100.0,74.3
EMP0239,58.5,100.0,88.2
EMP0240,78.2,46.5,84.2
EMP0241,79.6,67.1,61.8
EMP0242,51.8,61.6,77.1
EMP0243,66.5,78.5,72.0
EMP0244,67.3,65.7,73.1
EMP0245,93.6,44.5,77.2
EMP0246,59.2,23.3,69.4
EMP0247,65.6,76.3,76.8
EMP0248,60.1,70.6,70.7
EMP0249,73.4,49.3,80.7
EMP0250,70.5,45.4,85.2
EMP0251,68.0,55.7,86.1
EMP0252,51.4,100.0,59.4
EMP0253,43.4,80.3,74.1
EMP0254,71.6,97.8,66.3
EMP0255,76.4,48.4,89.6
EMP0256,63.3,85.4,74.6
EMP0257,62.9,45.2,87.5
EMP0258,61.8,40.2,81.3
EMP0259,77.0,65.3,86.1
EMP0260,78.1,49.3,72.9
EMP0261,78.1,100.0,82.0
EMP0262,58.2,84.5,59.5
EMP0263,53.1,57.2,68.1
EMP0264,57.7,76.7,72.4
EMP0265,56.1,78.8,80.7
EMP0266,55.1,70.4,74.9
EMP0267,66.0,73.9,71.1
EMP0268,59.7,80.7,74.3
EMP0269,43.3,100.0,61.1
EMP0270,77.2,71.9,68.6
EMP0271,53.2,50.6,86.5
EMP0272,73.5,59.7,63.0
EMP0273,64.2,56.8,82.7
EMP0274,61.8,88.1,66.9
EMP0275,63.8,56.3,69.0
EMP0276,50.2,50.5,70.9
EMP0277,61.9,98.5,66.2
EMP0278,55.4,63.2,74.8
EMP0279,71.6,62.3,63.5
EMP0280,45.4,82.2,68.3
EMP0281,55.6,93.0,66.2
EMP0282,72.5,81.9,73.1
EMP0283,50.3,89.1,81.2
EMP0284,65.2,100.0,54.0
EMP0285,72.3,38.1,75.9
EMP0286,66.3,95.8,65.7
EMP0287,55.6,54.5,73.7
EMP0288,77.5,42.5,96.3
EMP0289,44.2,65.5,70.4
EMP0290,63.1,73.8,79.7
EMP0291,62.5,94.7,69.4
EMP0292,66.3,39.6,78.9
EMP0293,53.7,92.5,66.7
EMP0294,42.5,46.0,65.7
EMP0295,67.8,55.3,72.4
EMP0296,50.6,96.0,43.5
EMP0297,54.1,59.0,71.1
EMP0298,75.7,40.1,80.6
EMP0299,56.1,100.0,82.9
EMP0300,62.6,56.1,68.3
EMP0301,64.8,36.2,81.2
EMP0302,37.5,100.0,58.2
EMP0303,64.1,58.3,74.6
EMP0304,70.1,39.9,71.5
EMP0305,65.2,91.4,69.2
EMP0306,78.1,74.4,82.9
EMP0307,83.2,25.9,88.5
EMP0308,72.4,100.0,84.2
EMP0309,75.9,76.1,90.9
EMP0310,45.8,85.1,67.6
EMP0311,61.2,95.8,60.7
EMP0312,52.6,100.0,75.5
EMP0313,70.3,88.6,81.2
EMP0314,45.4,72.2,68.0
EMP0315,59.9,50.8,76.6
EMP0316,73.7,48.3,75.9
EMP0317,56.2,89.6,71.2
EMP0318,54.3,100.0,73.4
EMP0319,64.7,57.0,83.4
EMP0320,58.0,62.9,74.3
EMP0321,68.0,71.0,68.9
EMP0322,60.9,81.3,74.2
EMP0323,62.6,39.9,78.6
EMP0324,64.9,50.6,90.4
EMP0325,64.1,52.5,63.9
EMP0326,52.0,68.0,70.8
EMP0327,66.1,66.9,70.5
EMP0328,75.7,86.1,76.0
EMP0329,57.5,100.0,82.8
EMP0330,57.7,54.3,69.9
EMP0331,60.4,36.2,67.8
EMP0332,55.1,66.6,78.3
EMP0333,61.8,61.4,85.2
EMP0334,57.2,100.0,64.6
EMP0335,68.3,86.6,71.1
EMP0336,52.9,89.4,64.3
EMP0337,49.4,74.8,79.8
EMP0338,58.5,100.0,59.1
EMP0339,61.3,54.3,75.5
EMP0340,61.8,100.0,63.9
EMP0341,67.6,83.4,83.4
EMP0342,72.0,48.4,82.8
EMP0343,40.5,100.0,72.9
EMP0344,50.9,56.7,67.2
EMP0345,57.8,48.9,72.3
EMP0346,73.4,53.0,86.2
EMP0347,51.6,100.0,79.5
EMP0348,65.5,53.7,80.3
EMP0349,66.1,91.2,69.2
EMP0350,44.9,100.0,62.6
EMP0351,58.5,77.2,65.3
EMP0352,44.9,100.0,72.5
EMP0353,46.4,65.7,65.9
EMP0354,59.0,56.2,69.8
EMP0355,65.3,81.3,61.5
EMP0356,56.9,50.9,75.6
EMP0357,59.9,48.1,68.3
EMP0358,78.4,78.1,64.2
EMP0359,57.8,96.3,70.5
EMP0360,57.8,45.1,72.6
EMP0361,60.0,79.5,69.3
EMP0362,52.4,59.8,74.9
EMP0363,52.8,65.1,79.0
EMP0364,40.7,43.9,79.9
EMP0365,52.4,71.7,78.1
EMP0366,69.2,100.0,80.8
EMP0367,67.9,100.0,64.9
EMP0368,53.1,100.0,77.3
EMP0369,66.4,67.5,69.5
EMP0370,38.5,100.0,69.1
EMP0371,66.7,46.4,53.8
EMP0372,53.9,86.6,73.2
EMP0373,63.7,45.8,82.3
EMP0374,68.2,79.5,77.4
EMP0375,61.2,69.9,88.6
EMP0376,52.8,74.7,74.3
EMP0377,54.1,100.0,78.0
EMP0378,40.5,60.6,74.9
EMP0379,70.2,51.9,84.8
EMP0380,78.6,80.1,73.4
EMP0381,71.8,62.7,75.4
EMP0382,57.7,63.9,70.8
EMP0383,69.1,33.0,82.1
EMP0384,70.1,78.5,71.7
EMP0385,66.7,75.9,82.7
EMP0386,75.6,52.3,76.2
EMP0387,57.9,47.1,75.9
EMP0388,67.8,42.5,77.1
EMP0389,56.6,56.2,82.6
EMP0390,62.0,62.5,69.0
EMP0391,78.1,49.9,83.0
EMP0392,70.2,74.6,81.8
EMP0393,81.6,43.7,81.5
EMP0394,67.9,57.9,78.2
EMP0395,69.7,60.2,62.8
EMP0396,51.2,100.0,61.0
EMP0397,69.0,53.0,78.3
EMP0398,59.0,59.7,65.8
EMP0399,74.7,60.3,76.8
EMP0400,74.6,100.0,67.1
EMP0401,85.7,59.7,89.8
EMP0402,69.0,48.7,77.5
EMP0403,53.0,95.4,63.0
EMP0404,58.5,58.3,81.5
EMP0405,55.9,78.4,57.9
EMP0406,76.4,63.1,74.1
EMP0407,69.8,47.8,89.5
EMP0408,53.0,100.0,56.2
EMP0409,65.3,54.8,71.1
EMP0410,56.4,80.3,63.6
EMP0411,80.0,56.7,85.0
EMP0412,67.4,80.4,69.9
EMP0413,61.4,82.2,74.2
EMP0414,34.4,61.1,84.5
EMP0415,64.2,91.0,71.2
EMP0416,59.2,48.4,81.3
EMP0417,67.7,41.2,82.8
EMP0418,68.7,49.7,69.5
EMP0419,62.4,100.0,75.7
EMP0420,70.7,45.7,73.8
EMP0421,48.4,81.7,64.0
EMP0422,63.7,66.0,71.6
EMP0423,67.2,77.2,77.3
EMP0424,74.6,63.2,84.2
EMP0425,61.3,92.5,76.4
EMP0426,71.5,91.3,79.7
EMP0427,53.3,58.7,68.7
EMP0428,48.3,59.8,76.7
EMP0429,75.4,62.1,78.1
EMP0430,54.0,63.9,64.3
EMP0431,59.5,86.8,62.3
EMP0432,46.7,100.0,79.1
EMP0433,69.1,99.3,65.7
EMP0434,51.8,54.6,81.9
EMP0435,60.0,58.6,65.4
EMP0436,56.6,30.4,87.2
EMP0437,64.3,39.9,83.3
EMP0438,76.5,67.6,68.3
EMP0439,87.8,58.2,96.8
EMP0440,49.5,77.7,79.2
EMP0441,62.1,68.1,81.4
EMP0442,48.1,100.0,65.9
EMP0443,68.7,63.6,77.7
EMP0444,57.1,92.8,72.0
EMP0445,63.0,25.3,85.8
EMP0446,55.3,100.0,61.1
EMP0447,65.5,100.0,77.3
EMP0448,62.8,56.2,73.6
EMP0449,59.7,41.7,74.5
EMP0450,40.9,100.0,81.8
EMP0451,60.9,86.3,79.1
EMP0452,53.4,100.0,68.2
EMP0453,60.1,94.0,74.4
EMP0454,64.9,100.0,84.0
EMP0455,62.6,66.3,79.9
EMP0456,68.8,62.5,84.7
EMP0457,58.7,100.0,75.0
EMP0458,56.6,41.3,74.8
EMP0459,43.5,98.8,75.0
EMP0460,94.4,27.5,95.4
EMP0461,63.6,64.6,77.3
EMP0462,66.7,51.9,75.7
EMP0463,62.9,89.0,61.2
EMP0464,67.4,42.4,79.2
EMP0465,76.1,53.3,75.0
EMP0466,75.6,73.6,74.6
EMP0467,61.7,73.7,83.4
EMP0468,76.5,63.4,75.8
EMP0469,72.6,41.8,76.4
EMP0470,34.4,83.2,68.9
EMP0471,52.6,67.4,68.7
EMP0472,63.6,59.6,64.6
EMP0473,74.8,88.7,75.5
EMP0474,70.9,100.0,81.3
EMP0475,59.3,56.9,69.6
EMP0476,67.1,100.0,77.1
EMP0477,60.1,100.0,73.4
EMP0478,85.8,55.7,76.1
EMP0479,56.6,99.6,64.5
EMP0480,58.7,60.3,63.9
EMP0481,84.6,48.7,85.4
EMP0482,76.2,55.5,92.3
EMP0483,53.3,43.7,69.8
EMP0484,60.8,62.3,71.2
EMP0485,62.9,74.9,67.7
EMP0486,57.5,26.2,74.5
EMP0487,49.5,91.6,65.8
EMP0488,58.8,99.7,61.3
EMP0489,48.7,82.6,69.5
EMP0490,72.5,65.8,79.1
EMP0491,52.0,100.0,72.0
EMP0492,63.5,79.4,85.8
EMP0493,74.1,50.3,79.0
EMP0494,52.3,97.5,65.7
EMP0495,66.5,69.5,78.7
EMP0496,46.5,92.9,61.4
EMP0497,52.8,100.0,96.1
EMP0498,59.5,96.8,66.2
EMP0499,66.2,40.8,79.1
EMP0500,61.1,62.0,85.6
EMP0501,64.6,79.4,62.4
EMP0502,75.5,100.0,82.9
EMP0503,74.4,97.8,72.5
EMP0504,57.9,53.3,77.9
EMP0505,54.1,100.0,62.4
EMP0506,63.0,47.8,82.1
EMP0507,80.4,68.0,66.2
EMP0508,56.8,55.1,60.8
EMP0509,61.5,59.6,66.4
EMP0510,62.0,79.5,80.6
EMP0511,63.1,74.4,77.4
EMP0512,48.6,71.3,60.8
EMP0513,60.4,79.8,79.4
EMP0514,69.8,63.0,73.6
EMP0515,66.3,78.3,77.7
EMP0516,59.5,21.8,74.2
EMP0517,52.4,96.1,69.2
EMP0518,63.3,51.2,70.8
EMP0519,51.5,77.3,74.8
EMP0520,56.6,57.3,87.1
EMP0521,80.0,52.8,73.3
EMP0522,69.1,49.1,79.5
EMP0523,57.6,59.6,74.5
EMP0524,62.4,46.1,83.8
EMP0525,68.7,73.9,72.5
EMP0526,53.2,52.4,72.1
EMP0527,56.3,78.1,71.6
EMP0528,61.7,56.1,78.5
EMP0529,66.7,27.2,66.5
EMP0530,64.2,39.6,88.3
EMP0531,62.8,73.6,73.5
EMP0532,59.7,48.2,79.9
EMP0533,71.0,49.0,74.6
EMP0534,69.6,100.0,57.8
EMP0535,53.9,75.1,57.9
EMP0536,88.1,63.5,82.9
EMP0537,69.9,84.3,67.3
EMP0538,67.7,81.5,76.8
EMP0539,44.9,100.0,94.4
EMP0540,62.0,47.6,77.7
EMP0541,61.2,100.0,80.4
EMP0542,54.1,42.6,75.1
EMP0543,80.1,41.5,89.2
EMP0544,49.1,80.9,61.2
EMP0545,68.7,46.3,74.8
EMP0546,57.3,68.1,73.5
EMP0547,56.1,29.0,73.4
EMP0548,55.6,62.3,75.6
EMP0549,75.4,75.9,85.0
EMP0550,55.2,100.0,64.1
EMP0551,59.7,59.8,79.4
EMP0552,66.9,90.0,82.2
EMP0553,61.7,95.1,79.6
EMP0554,75.8,60.3,85.4
EMP0555,65.5,54.2,71.1
EMP0556,66.0,35.9,91.0
EMP0557,70.1,77.9,80.8
EMP0558,77.3,58.7,54.1
EMP0559,54.1,67.6,66.8
EMP0560,67.8,50.8,80.3
EMP0561,52.6,79.3,61.9
EMP0562,55.8,78.7,59.6
EMP0563,77.3,66.7,88.8
EMP0564,69.8,65.0,86.5
EMP0565,75.9,52.1,80.2
EMP0566,62.0,98.2,80.9
EMP0567,49.0,61.4,85.1
EMP0568,75.7,68.3,75.2
EMP0569,71.3,100.0,74.9
EMP0570,69.1,50.8,61.2
EMP0571,53.7,51.6,76.6
EMP0572,53.8,43.8,89.1
EMP0573,60.2,97.2,71.9
EMP0574,67.7,80.0,68.1
EMP0575,61.9,55.6,72.4
EMP0576,58.6,54.4,78.2
EMP0577,68.4,63.0,85.4
EMP0578,65.1,35.4,82.4
EMP0579,70.8,38.2,83.5
EMP0580,57.2,67.9,66.1
EMP0581,55.1,51.8,79.9
EMP0582,89.7,36.7,92.0
EMP0583,72.0,66.7,62.6
EMP0584,54.1,100.0,68.3
EMP0585,71.3,35.2,70.7
EMP0586,58.9,56.4,66.7
EMP0587,62.3,100.0,60.0
EMP0588,72.2,44.2,99.3
EMP0589,52.6,82.5,68.3
EMP0590,56.5,100.0,76.8
EMP0591,70.0,90.3,69.9
EMP0592,60.0,83.3,64.3
EMP0593,41.8,100.0,61.8
EMP0594,87.2,78.8,90.5
EMP0595,58.8,78.7,91.9
EMP0596,69.8,100.0,72.7
EMP0597,57.5,100.0,68.0
EMP0598,69.2,45.0,77.8
EMP0599,34.6,57.5,76.2
EMP0600,75.2,62.5,76.1
EMP0601,72.6,72.7,86.9
EMP0602,64.2,84.4,85.9
EMP0603,60.4,26.9,90.9
EMP0604,66.2,90.3,68.4
EMP0605,56.1,80.2,84.4
EMP0606,61.0,100.0,64.1
EMP0607,57.3,73.1,72.2
EMP0608,46.8,70.3,72.1
EMP0609,84.0,70.2,60.2
EMP0610,65.4,47.2,74.4
EMP0611,54.6,58.3,66.6
EMP0612,85.4,41.0,81.2
EMP0613,70.0,50.8,86.3
EMP0614,59.1,78.4,83.1
EMP0615,82.7,49.5,91.0
EMP0616,58.9,61.0,66.6
EMP0617,51.1,65.9,76.6
EMP0618,66.9,91.8,76.9
EMP0619,80.9,45.9,83.5
EMP0620,57.4,50.3,80.9
EMP0621,59.6,94.3,86.7
EMP0622,72.7,87.5,75.5
EMP0623,46.4,69.3,75.1
EMP0624,55.9,56.5,88.9
EMP0625,55.4,45.8,73.3
EMP0626,77.5,68.3,70.6
EMP0627,76.9,67.0,72.2
EMP0628,52.2,75.0,91.7
EMP0629,58.5,95.9,64.1
EMP0630,61.1,55.3,91.3
EMP0631,68.1,32.4,79.3
EMP0632,62.1,68.3,73.3
EMP0633,66.1,100.0,74.1
EMP0634,67.4,55.6,63.2
EMP0635,76.1,86.0,66.4
EMP0636,55.3,86.8,80.9
EMP0637,80.1,71.5,79.4
EMP0638,60.7,100.0,76.6
EMP0639,63.3,75.7,72.9
EMP0640,58.1,100.0,61.5
EMP0641,54.0,51.9,59.9
EMP0642,67.6,82.1,76.9
EMP0643,55.7,76.7,60.9
EMP0644,60.1,64.0,67.8
EMP0645,53.9,100.0,54.5
EMP0646,52.7,59.6,76.0
EMP0647,75.9,52.5,90.8
EMP0648,47.0,75.0,83.5
EMP0649,61.0,92.2,81.7
EMP0650,47.7,36.6,70.3
EMP0651,46.8,83.4,70.4
EMP0652,57.0,79.0,68.7
EMP0653,56.8,76.0,61.2
EMP0654,76.0,47.0,85.6
EMP0655,49.2,83.3,68.5
EMP0656,66.5,100.0,76.4
EMP0657,65.4,88.1,73.1
EMP0658,59.4,51.7,64.6
EMP0659,72.4,100.0,62.6
EMP0660,81.1,57.4,77.9
EMP0661,61.5,96.9,66.2
EMP0662,70.0,43.8,65.4
EMP0663,67.3,29.0,79.6
EMP0664,79.4,93.4,74.1
EMP0665,54.2,60.4,80.4
EMP0666,65.2,55.6,75.3
EMP0667,51.1,58.0,55.9
EMP0668,70.2,45.0,79.4
EMP0669,64.4,100.0,66.0
EMP0670,63.5,40.9,86.1
EMP0671,60.3,100.0,73.4
EMP0672,71.4,48.4,91.0
EMP0673,52.2,64.9,72.9
EMP0674,68.0,54.0,80.4
EMP0675,58.1,100.0,73.0
EMP0676,61.9,45.1,64.9
EMP0677,60.6,63.5,77.0
EMP0678,66.4,44.2,75.1
EMP0679,64.7,61.3,75.7
EMP0680,60.6,81.6,69.6
EMP0681,58.4,44.6,73.9
EMP0682,50.9,100.0,66.6
EMP0683,62.4,51.6,73.7
EMP0684,44.2,87.2,77.9
EMP0685,51.9,56.6,56.3
EMP0686,61.7,59.0,96.0
EMP0687,44.2,77.2,65.4
EMP0688,65.4,71.7,63.7
EMP0689,58.3,45.2,67.8
EMP0690,68.9,88.7,79.2
EMP0691,58.5,65.0,79.9
EMP0692,65.7,56.0,71.3
EMP0693,65.8,49.7,96.5
EMP0694,57.9,60.3,68.0
EMP0695,81.8,100.0,69.5
EMP0696,59.0,72.2,75.4
EMP0697,59.2,50.5,71.0
EMP0698,73.8,60.2,83.0
EMP0699,64.6,100.0,86.7
EMP0700,65.8,100.0,59.1
EMP0701,48.0,100.0,78.7
EMP0702,61.8,41.8,53.6
EMP0703,55.1,100.0,80.5
EMP0704,51.7,100.0,77.5
EMP0705,65.1,52.4,67.0
EMP0706,58.1,36.3,78.1
EMP0707,76.6,88.3,76.6
EMP0708,67.2,53.9,65.1
EMP0709,54.8,70.7,67.7
EMP0710,65.3,67.4,63.5
EMP0711,85.1,72.4,66.0
EMP0712,39.4,53.8,70.8
EMP0713,70.1,70.6,75.6
EMP0714,87.0,84.5,89.0
EMP0715,48.5,70.0,69.1
EMP0716,67.6,69.2,65.4
EMP0717,68.7,96.7,70.7
EMP0718,75.5,62.1,61.6
EMP0719,63.3,63.3,75.1
EMP0720,69.1,69.6,74.7
EMP0721,56.5,93.9,65.4
EMP0722,53.5,100.0,76.0
EMP0723,54.8,100.0,74.3
EMP0724,71.2,51.9,79.1
EMP0725,67.2,81.0,77.6
EMP0726,73.5,61.9,80.4
EMP0727,88.0,64.4,66.7
EMP0728,68.6,57.5,67.0
EMP0729,64.9,43.2,88.2
EMP0730,62.8,45.5,58.5
EMP0731,53.7,56.3,77.3
EMP0732,60.6,84.0,78.6
EMP0733,65.5,70.2,79.7
EMP0734,74.9,52.8,74.1
EMP0735,75.4,57.3,85.9
EMP0736,64.2,41.6,79.7
EMP0737,78.6,73.4,75.5
EMP0738,56.0,82.2,61.1
EMP0739,67.5,47.3,82.9
EMP0740,68.0,54.8,74.0
EMP0741,79.5,53.4,83.9
EMP0742,63.6,93.7,59.2
EMP0743,67.9,66.6,75.1
EMP0744,76.8,100.0,77.9
EMP0745,60.9,100.0,63.7
EMP0746,54.7,72.8,85.2
EMP0747,65.7,94.9,81.2
EMP0748,71.6,42.6,68.1
EMP0749,60.0,69.0,79.2
EMP0750,76.0,74.4,70.4
EMP0751,66.7,49.1,64.1
EMP0752,60.8,76.8,81.9
EMP0753,51.1,72.5,71.2
EMP0754,61.1,100.0,67.5
EMP0755,70.1,75.0,70.7
EMP0756,56.7,100.0,75.3
EMP0757,68.5,63.0,69.6
EMP0758,74.6,48.6,77.6
EMP0759,57.4,95.4,77.4
EMP0760,63.6,50.0,83.0
EMP0761,58.2,65.3,89.8
EMP0762,50.7,88.9,73.2
EMP0763,66.4,79.2,73.1
EMP0764,54.8,61.3,82.1
EMP0765,54.8,41.3,79.6
EMP0766,57.8,87.0,77.0
EMP0767,72.6,55.2,74.7
EMP0768,38.5,94.3,65.9
EMP0769,50.9,78.8,77.1
EMP0770,64.8,63.0,80.9
EMP0771,61.7,100.0,66.9
EMP0772,65.3,70.2,74.8
EMP0773,70.8,58.3,71.0
EMP0774,64.8,44.9,78.1
EMP0775,65.6,80.9,56.8
EMP0776,45.2,54.9,71.2
EMP0777,55.2,61.0,62.1
EMP0778,62.9,71.4,76.4
EMP0779,50.7,54.0,78.7
EMP0780,65.4,86.6,68.9
EMP0781,55.3,56.0,78.5
EMP0782,66.4,62.5,81.9
EMP0783,69.9,52.1,72.0
EMP0784,55.0,65.2,73.9
EMP0785,77.4,93.5,62.5
EMP0786,80.1,46.7,85.3
EMP0787,67.5,83.7,83.4
EMP0788,47.9,82.3,70.7
EMP0789,78.6,37.6,89.9
EMP0790,58.6,76.7,72.2
EMP0791,64.9,63.7,79.6
EMP0792,69.8,96.4,75.2
EMP0793,76.1,72.5,64.6
EMP0794,71.2,85.0,67.5
EMP0795,67.2,82.8,66.2
EMP0796,63.4,50.2,72.2
EMP0797,52.4,100.0,77.1
EMP0798,55.1,40.5,77.7
EMP0799,71.3,79.2,86.5
EMP0800,63.3,91.9,66.1
EMP0801,60.4,69.4,81.3
EMP0802,89.6,41.0,87.9
EMP0803,52.9,100.0,75.6
EMP0804,51.8,54.5,80.4
EMP0805,65.7,34.3,87.8
EMP0806,51.1,38.0,77.8
EMP0807,69.4,68.8,68.0
EMP0808,40.7,90.7,70.1
EMP0809,49.0,91.2,71.3
EMP0810,57.8,100.0,71.9
EMP0811,50.5,74.7,88.4
EMP0812,70.1,64.9,81.8
EMP0813,68.2,78.6,75.7
EMP0814,61.4,53.1,71.1
EMP0815,47.0,100.0,77.4
EMP0816,69.8,100.0,81.4
EMP0817,59.0,46.7,70.3
EMP0818,62.3,100.0,69.7
EMP0819,66.0,80.2,66.5
EMP0820,72.3,44.9,86.8
EMP0821,81.9,70.5,89.5
EMP0822,56.2,54.6,64.7
EMP0823,71.2,63.2,90.6
EMP0824,74.5,71.8,73.4
EMP0825,69.9,83.8,57.4
EMP0826,73.1,63.5,78.4
EMP0827,40.6,51.3,70.7
EMP0828,56.8,43.9,77.7
EMP0829,66.7,100.0,52.0
EMP0830,61.9,50.2,81.0
EMP0831,65.4,92.8,68.5
EMP0832,54.6,81.6,77.8
EMP0833,72.5,60.2,78.2
EMP0834,56.5,69.0,62.6
EMP0835,61.5,51.8,57.3
EMP0836,73.7,55.8,81.8
EMP0837,65.1,53.7,72.0
EMP0838,75.4,100.0,79.7
EMP0839,60.0,51.1,82.1
EMP0840,60.0,74.5,77.9
EMP0841,68.3,84.3,75.4
EMP0842,69.4,59.9,68.6
EMP0843,65.9,47.6,78.7
EMP0844,69.4,51.5,83.4
EMP0845,84.0,97.3,67.9
EMP0846,56.0,100.0,68.9
EMP0847,46.2,96.9,64.3
EMP0848,73.4,89.0,90.7
EMP0849,53.1,91.9,64.6
EMP0850,81.2,66.0,75.6
EMP0851,60.6,43.5,83.2
EMP0852,61.6,64.3,80.1
EMP0853,64.5,65.5,81.8
EMP0854,56.8,48.8,61.1
EMP0855,55.2,75.5,74.4
EMP0856,79.4,57.1,76.6
EMP0857,67.2,44.8,88.1
EMP0858,54.0,64.9,61.3
EMP0859,73.2,54.1,74.8
EMP0860,55.9,69.6,74.0
EMP0861,62.3,49.6,87.4
EMP0862,43.9,100.0,70.6
EMP0863,63.2,43.5,79.9
EMP0864,64.2,81.0,78.3
EMP0865,55.7,78.1,67.2
EMP0866,51.5,100.0,84.6
EMP0867,54.0,40.6,79.2
EMP0868,64.0,40.2,89.3
EMP0869,58.7,60.3,71.4
EMP0870,69.8,89.4,70.1
EMP0871,61.9,76.1,60.9
EMP0872,51.6,87.6,69.2
EMP0873,58.2,89.5,68.8
EMP0874,75.3,100.0,78.0
EMP0875,53.8,56.9,77.2
EMP0876,69.3,42.6,89.3
EMP0877,59.7,62.1,79.0
EMP0878,63.8,37.9,77.2
EMP0879,71.1,95.0,63.5
EMP0880,67.2,57.5,87.0
EMP0881,73.0,63.8,81.8
EMP0882,54.3,47.7,64.3
EMP0883,59.0,56.2,82.7
EMP0884,58.2,100.0,60.5
EMP0885,51.4,84.3,64.8
EMP0886,64.3,43.4,87.0
EMP0887,58.9,66.8,61.8
EMP0888,56.2,59.6,75.5
EMP0889,73.9,44.4,77.4
EMP0890,69.0,59.0,93.1
EMP0891,61.2,79.5,72.7
EMP0892,50.5,100.0,64.4
EMP0893,73.0,35.8,71.1
EMP0894,69.6,79.0,74.0
EMP0895,57.2,72.4,75.3
EMP0896,57.6,53.5,63.2
EMP0897,64.1,91.1,62.7
EMP0898,51.4,100.0,63.1
EMP0899,59.8,75.1,67.9
EMP0900,62.0,56.9,77.0
EMP0901,75.3,63.0,80.6
EMP0902,72.2,30.1,85.1
EMP0903,49.7,53.9,74.5
EMP0904,48.9,98.4,57.2
EMP0905,62.0,57.1,72.3
EMP0906,52.7,62.7,70.3
EMP0907,59.3,72.5,60.0
EMP0908,51.4,79.1,73.7
EMP0909,45.5,79.5,76.8
EMP0910,80.1,55.3,77.7
EMP0911,52.4,62.0,76.6
EMP0912,64.2,48.7,89.8
EMP0913,63.5,71.3,85.4
EMP0914,46.6,73.5,75.7
EMP0915,77.0,70.9,69.2
EMP0916,75.9,87.6,67.2
EMP0917,73.2,43.8,84.9
EMP0918,72.5,100.0,70.6
EMP0919,61.3,51.9,83.0
EMP0920,65.3,76.4,80.0
EMP0921,68.1,49.7,79.1
EMP0922,49.0,57.1,86.4
EMP0923,69.6,52.8,90.5
EMP0924,68.1,58.6,78.1
EMP0925,63.3,64.5,69.1
EMP0926,38.4,82.1,73.0
EMP0927,56.6,99.9,71.3
EMP0928,80.6,87.2,73.4
EMP0929,53.7,66.6,73.6
EMP0930,70.4,100.0,78.1
EMP0931,58.4,80.2,60.7
EMP0932,62.0,56.7,84.1
EMP0933,77.3,88.1,83.2
EMP0934,46.5,55.5,85.0
EMP0935,48.4,79.5,83.2
EMP0936,66.6,49.8,90.0
EMP0937,66.5,100.0,74.6
EMP0938,57.8,81.7,71.6
EMP0939,59.6,70.4,70.7
EMP0940,66.5,48.6,74.7
EMP0941,43.8,100.0,67.1
EMP0942,62.4,44.5,75.9
EMP0943,67.9,57.0,81.5
EMP0944,74.4,59.8,78.4
EMP0945,64.8,67.8,80.1
EMP0946,53.4,76.9,84.8
EMP0947,65.6,29.6,88.9
EMP0948,59.3,66.1,75.2
EMP0949,65.3,50.1,71.4
EMP0950,74.2,100.0,70.7
EMP0951,56.6,81.4,70.4
EMP0952,51.3,86.2,64.5
EMP0953,74.2,51.7,72.8
EMP0954,99.2,36.1,89.2
EMP0955,72.4,62.5,75.3
EMP0956,62.1,95.4,71.6
EMP0957,46.3,92.0,84.8
EMP0958,49.4,69.7,70.8
EMP0959,64.9,46.0,82.9
EMP0960,70.4,77.2,71.7
EMP0961,68.0,61.2,61.8
EMP0962,50.1,53.6,90.9
EMP0963,60.9,72.8,67.4
EMP0964,86.7,60.0,85.9
EMP0965,80.6,44.9,89.0
EMP0966,67.0,60.7,75.7
EMP0967,52.3,97.6,70.5
EMP0968,52.0,37.2,94.4
EMP0969,65.8,64.4,61.2
EMP0970,64.2,100.0,63.9
EMP0971,61.2,61.3,84.3
EMP0972,54.1,100.0,69.9
EMP0973,69.3,68.5,75.2
EMP0974,62.1,54.6,76.9
EMP0975,70.1,63.3,81.5
EMP0976,63.6,48.5,79.4
EMP0977,77.5,52.2,55.9
EMP0978,71.4,100.0,60.5
EMP0979,57.4,57.6,72.0
EMP0980,66.6,53.6,60.4
EMP0981,75.1,46.7,82.1
EMP0982,78.3,85.2,71.4
EMP0983,63.0,72.9,66.1
EMP0984,37.4,100.0,80.0
EMP0985,49.8,100.0,66.9
EMP0986,55.0,53.7,61.1
EMP0987,61.3,55.0,72.7
EMP0988,74.7,95.5,70.0
EMP0989,71.5,58.2,81.1
EMP0990,65.5,54.3,80.8
EMP0991,78.9,37.4,91.6
EMP0992,66.9,50.6,82.2
EMP0993,71.1,37.4,80.5
EMP0994,71.6,29.5,71.5
EMP0995,57.3,59.8,73.4
EMP0996,68.1,68.7,66.3
EMP0997,57.3,67.1,76.9
EMP0998,56.7,48.9,66.6
EMP0999,59.1,91.0,88.3
EMP1000,81.7,64.0,67.9
