employee_id,on_time_delivery_pct,inventory_errors,machinery_incidents
EMP0001,78.1,3,0
EMP0002,88.4,2,0
EMP0003,86.4,3,0
EMP0004,91.0,6,0
EMP0006,86.8,7,0
EMP0008,94.2,1,0
EMP0009,88.9,0,0
EMP0010,90.9,1,0
EMP0012,92.9,4,0
EMP0013,93.8,2,0
EMP0014,85.1,3,0
EMP0015,85.9,1,0
EMP0016,85.2,3,1
EMP0017,93.2,3,0
EMP0019,98.7,1,0
EMP0020,82.4,3,0
EMP0021,90.5,5,0
EMP0022,96.9,1,0
EMP0023,80.5,10,0
EMP0024,93.3,4,0
EMP0025,92.0,1,0
EMP0026,100.0,3,0
EMP0027,88.4,5,0
EMP0028,95.2,4,0
EMP0029,89.1,2,0
EMP0030,90.2,5,0
EMP0031,92.6,2,0
EMP0032,94.5,1,0
EMP0033,75.6,5,0
EMP0034,93.6,2,0
EMP0035,90.0,3,0
EMP0036,88.9,1,0
EMP0037,91.4,3,0
EMP0038,94.4,1,0
EMP0040,88.6,1,0
EMP0043,96.1,2,0
EMP0045,89.1,5,1
EMP0046,100.0,2,0
EMP0049,82.7,2,0
EMP0051,96.0,0,0
EMP0052,92.2,6,0
EMP0055,92.6,2,0
EMP0056,100.0,8,0
EMP0057,93.0,2,0
EMP0058,91.3,3,0
EMP0060,94.2,3,0
EMP0061,83.3,4,0
EMP0063,96.2,4,2
EMP0064,93.2,4,0
EMP0065,91.8,1,0
EMP0066,87.4,1,0
EMP0067,91.3,0,0
EMP0073,88.9,2,0
EMP0075,87.3,5,0
EMP0076,86.7,2,0
EMP0077,85.7,4,0
EMP0078,84.6,1,0
EMP0080,92.2,1,0
EMP0081,98.0,3,0
EMP0082,91.3,5,0
EMP0084,84.2,3,0
EMP0086,85.5,3,0
EMP0087,93.3,3,0
EMP0089,91.2,4,0
EMP0091,93.6,4,0
EMP0093,85.0,4,0
EMP0094,82.6,0,0
EMP0096,100.0,3,0
EMP0097,100.0,6,0
EMP0098,90.1,2,0
EMP0100,92.6,3,0
EMP0101,86.5,4,0
EMP0103,94.7,2,0
EMP0104,82.6,6,0
EMP0105,89.1,3,0
EMP0106,98.2,3,0
EMP0107,90.7,4,0
EMP0108,91.4,1,0
EMP0110,88.8,7,0
EMP0111,99.8,3,1
EMP0113,96.7,2,0
EMP0115,86.8,1,0
EMP0116,86.2,2,0
EMP0117,99.9,1,0
EMP0118,91.3,2,0
EMP0121,79.7,2,0
EMP0122,95.9,5,0
EMP0123,91.3,2,0
EMP0125,91.7,5,0
EMP0126,96.4,3,0
EMP0127,78.6,6,0
EMP0128,88.2,3,0
EMP0129,100.0,0,0
EMP0130,100.0,3,0
EMP0131,92.9,2,0
EMP0132,97.1,1,0
EMP0133,83.2,5,0
EMP0134,93.1,0,0
EMP0135,75.3,4,0
EMP0136,90.5,4,0
EMP0139,82.0,4,0
EMP0140,84.5,3,0
EMP0141,88.9,4,0
EMP0142,86.9,2,0
EMP0143,96.9,5,0
EMP0144,92.8,6,0
EMP0145,75.7,7,0
EMP0146,93.6,0,0
EMP0147,84.7,3,0
EMP0148,89.1,1,0
EMP0149,86.5,3,0
EMP0150,81.0,10,0
EMP0151,92.3,1,0
EMP0152,88.3,5,0
EMP0153,88.6,0,0
EMP0154,88.7,1,0
EMP0155,91.7,3,0
EMP0156,92.0,4,0
EMP0159,98.8,3,0
EMP0160,95.1,2,0
EMP0161,89.7,3,0
EMP0163,95.3,4,0
EMP0164,92.6,4,0
EMP0165,84.2,6,0
EMP0166,81.0,5,0
EMP0167,90.7,4,0
EMP0168,90.3,1,0
EMP0169,91.4,2,1
EMP0171,87.2,7,2
EMP0172,92.1,2,0
EMP0173,94.7,2,0
EMP0175,89.6,3,0
EMP0176,81.4,7,0
EMP0177,90.5,5,0
EMP0179,90.4,6,0
EMP0180,90.0,9,0
EMP0181,78.5,0,0
EMP0182,87.9,1,0
EMP0185,76.9,3,1
EMP0186,86.4,1,0
EMP0187,85.5,2,0
EMP0188,96.6,2,0
EMP0189,91.6,3,0
EMP0190,97.0,6,0
EMP0193,90.2,4,0
EMP0194,87.6,2,0
EMP0195,99.1,5,0
EMP0196,96.7,3,0
EMP0197,84.7,2,0
EMP0200,99.4,1,0
EMP0201,94.1,4,0
EMP0204,81.1,2,0
EMP0205,96.2,1,0
EMP0207,79.7,5,1
EMP0209,87.0,7,0
EMP0210,93.6,1,0
EMP0211,93.1,5,0
EMP0212,85.9,3,0
EMP0213,90.0,4,0
EMP0215,98.5,2,0
EMP0216,91.5,4,0
EMP0217,93.6,2,0
EMP0218,94.6,2,0
EMP0219,96.6,1,0
EMP0220,87.8,8,0
EMP0222,90.5,5,0
EMP0225,93.9,7,0
EMP0227,93.8,3,0
EMP0229,85.0,1,0
EMP0230,91.8,3,0
EMP0232,91.0,2,0
EMP0233,87.9,1,0
EMP0234,86.5,7,0
EMP0235,96.2,0,0
EMP0237,91.5,2,0
EMP0238,89.8,4,0
EMP0239,80.8,2,0
EMP0241,84.4,5,1
EMP0242,93.7,1,0
EMP0243,94.1,4,0
EMP0244,88.5,2,0
EMP0248,81.3,3,0
EMP0252,84.8,7,0
EMP0253,95.8,5,0
EMP0254,92.5,2,0
EMP0256,78.8,7,0
EMP0258,85.6,4,0
EMP0259,85.7,9,0
EMP0261,90.6,2,0
EMP0262,88.8,3,0
EMP0263,79.9,3,0
EMP0264,94.3,3,0
EMP0265,82.5,3,0
EMP0266,95.5,1,0
EMP0268,85.9,4,0
EMP0269,94.1,2,0
EMP0270,80.2,6,0
EMP0274,83.5,2,0
EMP0277,88.5,3,0
EMP0280,100.0,3,0
EMP0281,99.1,2,0
EMP0282,93.4,3,0
EMP0283,88.1,5,0
EMP0284,90.4,2,0
EMP0286,91.3,3,0
EMP0288,100.0,3,0
EMP0289,87.4,1,0
EMP0290,83.7,3,0
EMP0291,88.5,3,0
EMP0293,87.9,3,0
EMP0294,95.9,2,0
EMP0295,88.3,3,0
EMP0296,85.7,3,0
EMP0299,100.0,0,0
EMP0300,100.0,1,1
EMP0302,95.4,1,0
EMP0303,91.4,4,0
EMP0305,96.5,1,0
EMP0306,86.1,1,0
EMP0307,86.1,2,0
EMP0308,85.2,3,0
EMP0309,92.3,0,0
EMP0311,95.4,5,0
EMP0312,86.4,2,0
EMP0313,92.9,1,0
EMP0314,88.2,2,0
EMP0316,87.5,4,0
EMP0317,85.3,2,0
EMP0318,93.5,1,0
EMP0320,80.6,5,0
EMP0321,89.6,3,0
EMP0322,91.2,6,0
EMP0323,86.0,5,0
EMP0325,94.7,1,0
EMP0326,88.5,2,0
EMP0327,92.7,2,0
EMP0328,98.0,3,0
EMP0329,84.6,5,0
EMP0330,92.7,4,0
EMP0333,93.8,3,0
EMP0334,89.8,1,1
EMP0335,89.6,2,0
EMP0336,90.9,3,0
EMP0337,94.5,3,0
EMP0338,89.4,2,0
EMP0340,94.2,9,0
EMP0341,82.1,3,0
EMP0343,89.1,4,0
EMP0345,93.9,3,0
EMP0346,85.0,3,0
EMP0347,87.2,3,0
EMP0349,89.1,2,0
EMP0350,97.0,5,0
EMP0351,97.6,0,0
EMP0352,88.0,8,0
EMP0353,95.0,5,0
EMP0357,92.4,4,0
EMP0358,94.0,7,0
EMP0360,92.2,5,0
EMP0361,100.0,1,1
EMP0362,87.6,5,0
EMP0363,86.2,7,0
EMP0365,87.2,6,0
EMP0366,89.2,2,1
EMP0367,80.8,3,0
EMP0368,87.0,2,0
EMP0369,94.7,1,0
EMP0370,86.2,2,0
EMP0372,85.3,0,0
EMP0374,86.9,8,0
EMP0376,89.2,2,0
EMP0377,100.0,4,0
EMP0380,89.4,5,0
EMP0381,87.5,2,0
EMP0384,94.4,4,0
EMP0385,100.0,1,0
EMP0387,97.6,2,0
EMP0390,80.4,10,0
EMP0391,93.6,4,0
EMP0392,76.9,3,0
EMP0396,87.2,5,0
EMP0398,99.7,1,1
EMP0399,85.3,0,0
EMP0400,99.7,0,0
EMP0401,90.9,2,0
EMP0402,83.6,1,0
EMP0403,91.0,2,0
EMP0405,86.2,2,0
EMP0407,93.1,1,0
EMP0408,95.7,2,0
EMP0409,100.0,2,0
EMP0410,100.0,0,0
EMP0411,85.7,4,0
EMP0413,96.2,1,0
EMP0415,93.7,1,0
EMP0419,93.5,3,0
EMP0420,100.0,2,0
EMP0421,93.9,2,0
EMP0422,84.7,2,0
EMP0423,91.5,4,0
EMP0424,86.6,4,0
EMP0425,82.7,8,0
EMP0426,100.0,3,0
EMP0427,85.0,2,0
EMP0428,95.8,0,0
EMP0429,78.8,2,0
EMP0430,100.0,2,0
EMP0431,92.2,6,0
EMP0433,90.2,3,0
EMP0434,92.8,4,0
EMP0435,81.0,4,0
EMP0436,89.4,4,1
EMP0439,92.6,2,0
EMP0441,87.5,3,0
EMP0442,83.3,2,0
EMP0443,93.9,0,0
EMP0444,94.3,4,0
EMP0445,98.0,1,0
EMP0446,85.2,2,0
EMP0447,91.0,1,0
EMP0448,88.1,2,0
EMP0450,100.0,3,0
EMP0451,99.4,0,0
EMP0452,96.6,2,0
EMP0453,92.9,3,0
EMP0454,91.9,7,0
EMP0455,83.3,4,0
EMP0457,95.0,2,0
EMP0459,97.0,5,0
EMP0460,90.2,2,2
EMP0461,87.8,3,0
EMP0463,97.0,2,2
EMP0466,86.6,4,0
EMP0468,93.4,0,0
EMP0470,99.8,1,0
EMP0471,90.1,3,0
EMP0473,89.8,1,0
EMP0474,99.6,3,0
EMP0476,94.1,1,0
EMP0477,95.3,2,0
EMP0478,95.5,2,0
EMP0479,92.6,4,0
EMP0480,97.3,1,0
EMP0483,100.0,0,0
EMP0484,84.1,2,0
EMP0485,88.2,5,0
EMP0487,94.4,3,0
EMP0488,93.9,4,0
EMP0489,100.0,0,0
EMP0490,91.1,5,0
EMP0491,87.9,6,0
EMP0492,99.8,1,0
EMP0494,100.0,3,0
EMP0496,93.0,7,0
EMP0497,88.0,5,0
EMP0498,92.5,2,2
EMP0500,96.2,4,0
EMP0501,100.0,0,0
EMP0502,88.5,4,0
EMP0503,85.4,9,0
EMP0505,89.4,7,0
EMP0507,94.4,3,0
EMP0509,84.7,1,0
EMP0510,83.8,3,0
EMP0511,86.6,3,0
EMP0512,86.5,2,0
EMP0513,91.2,6,0
EMP0514,83.6,7,0
EMP0517,93.7,3,0
EMP0519,90.1,3,0
EMP0521,92.2,2,0
EMP0522,99.9,1,0
EMP0523,79.1,3,0
EMP0524,88.1,8,0
EMP0525,85.2,3,0
EMP0527,100.0,6,0
EMP0528,94.2,2,1
EMP0530,92.3,1,0
EMP0531,84.3,3,1
EMP0532,86.8,1,0
EMP0533,100.0,0,0
EMP0534,84.9,4,0
EMP0536,83.8,4,0
EMP0537,88.2,4,0
EMP0538,76.5,3,0
EMP0539,94.1,1,0
EMP0540,93.9,4,0
EMP0541,100.0,4,0
EMP0544,86.8,3,0
EMP0546,100.0,2,0
EMP0549,91.4,1,0
EMP0550,89.8,3,0
EMP0551,95.6,2,0
EMP0552,89.2,5,0
EMP0553,88.2,1,0
EMP0554,91.6,0,0
EMP0557,98.3,2,0
EMP0558,88.4,0,0
EMP0561,85.6,1,0
EMP0562,89.2,3,0
EMP0564,89.8,1,0
EMP0565,92.3,2,0
EMP0566,100.0,1,0
EMP0567,86.0,1,0
EMP0569,91.8,0,0
EMP0573,90.5,3,0
EMP0574,93.7,3,0
EMP0577,88.0,2,0
EMP0580,93.5,1,0
EMP0581,88.2,1,0
EMP0583,77.6,3,0
EMP0584,88.3,3,0
EMP0585,86.0,3,0
EMP0586,91.4,2,0
EMP0587,82.0,2,0
EMP0589,95.4,0,0
EMP0590,79.7,1,0
EMP0591,90.2,3,0
EMP0592,94.7,2,0
EMP0593,91.1,2,0
EMP0594,83.5,5,0
EMP0595,89.4,4,0
EMP0596,91.6,0,1
EMP0597,93.0,1,0
EMP0600,91.0,3,0
EMP0601,92.2,3,0
EMP0604,84.3,8,0
EMP0605,83.5,5,0
EMP0606,91.6,3,0
EMP0608,88.1,5,0
EMP0609,93.8,2,0
EMP0611,92.7,0,0
EMP0614,83.7,2,0
EMP0615,93.6,3,0
EMP0616,84.5,3,1
EMP0617,100.0,5,0
EMP0618,93.2,3,0
EMP0621,84.6,4,0
EMP0622,92.7,3,0
EMP0623,87.3,3,0
EMP0624,79.0,8,1
EMP0626,93.0,3,0
EMP0628,91.6,3,0
EMP0629,81.6,5,0
EMP0630,91.6,2,0
EMP0633,82.0,3,0
EMP0634,90.4,7,0
EMP0635,95.7,3,1
EMP0636,92.7,3,0
EMP0637,96.0,4,0
EMP0638,92.1,0,0
EMP0639,92.3,4,0
EMP0640,93.5,2,0
EMP0642,99.9,3,0
EMP0643,97.0,0,0
EMP0644,100.0,5,0
EMP0645,87.4,2,0
EMP0646,83.1,5,0
EMP0648,90.0,3,0
EMP0649,90.3,2,0
EMP0651,85.8,0,0
EMP0652,95.4,5,0
EMP0653,89.9,1,0
EMP0655,92.3,1,0
EMP0656,90.9,4,0
EMP0657,93.2,2,0
EMP0659,85.7,4,0
EMP0661,86.3,0,0
EMP0662,91.9,0,0
EMP0664,80.9,7,0
EMP0665,88.0,1,0
EMP0666,85.6,1,0
EMP0669,81.9,5,0
EMP0671,92.8,2,0
EMP0672,83.9,0,0
EMP0674,86.7,5,0
EMP0675,93.3,6,0
EMP0676,84.4,4,0
EMP0679,89.4,2,0
EMP0680,86.4,2,0
EMP0682,99.2,5,0
EMP0684,92.1,2,0
EMP0685,88.6,2,0
EMP0686,94.1,5,0
EMP0687,86.2,3,0
EMP0690,88.1,2,0
EMP0691,85.0,6,0
EMP0694,98.2,0,0
EMP0695,100.0,1,0
EMP0696,86.4,5,0
EMP0698,92.5,4,1
EMP0699,90.1,2,0
EMP0700,94.4,2,0
EMP0701,92.1,4,0
EMP0702,88.6,3,0
EMP0703,100.0,1,0
EMP0704,89.1,6,0
EMP0707,87.9,5,0
EMP0708,94.1,0,0
EMP0710,90.9,1,0
EMP0711,95.8,1,0
EMP0712,88.4,1,0
EMP0714,82.7,5,0
EMP0716,90.3,1,0
EMP0717,84.3,0,0
EMP0720,92.9,2,0
EMP0721,81.7,2,0
EMP0722,91.7,3,1
EMP0723,75.6,5,0
EMP0725,78.5,7,0
EMP0727,83.3,5,0
EMP0728,95.4,1,0
EMP0731,91.3,2,0
EMP0732,82.5,0,0
EMP0734,97.2,3,0
EMP0735,94.4,2,0
EMP0737,92.2,1,0
EMP0738,89.2,4,2
EMP0742,87.4,4,0
EMP0743,96.5,3,0
EMP0744,93.0,2,0
EMP0745,77.9,6,0
EMP0746,91.2,0,0
EMP0747,75.0,4,0
EMP0748,87.1,8,1
EMP0749,97.5,3,0
EMP0750,79.5,2,0
EMP0752,88.9,2,0
EMP0753,86.1,6,0
EMP0754,96.7,0,1
EMP0755,90.9,0,0
EMP0756,91.5,4,0
EMP0757,88.6,1,0
EMP0758,93.0,0,0
EMP0759,80.8,4,0
EMP0761,84.3,5,1
EMP0762,86.7,1,0
EMP0763,98.5,3,0
EMP0766,85.8,1,0
EMP0768,83.0,4,0
EMP0769,100.0,3,0
EMP0771,93.9,7,0
EMP0772,86.9,1,0
EMP0776,94.6,3,0
EMP0777,94.7,1,0
EMP0778,93.9,1,0
EMP0780,86.1,4,0
EMP0781,85.1,1,0
EMP0782,97.8,1,0
EMP0784,88.6,2,0
EMP0785,91.8,2,0
EMP0787,92.4,2,0
EMP0788,95.2,2,0
EMP0789,89.2,2,0
EMP0790,86.2,3,0
EMP0791,100.0,1,0
EMP0792,97.4,2,0
EMP0793,91.3,6,0
EMP0794,89.1,4,0
EMP0795,99.6,3,0
EMP0797,90.4,2,0
EMP0799,90.0,5,0
EMP0800,82.2,6,1
EMP0801,84.5,4,0
EMP0802,85.0,6,0
EMP0803,87.7,1,0
EMP0805,87.9,1,0
EMP0807,88.6,2,0
EMP0808,89.4,1,0
EMP0809,92.7,2,0
EMP0810,86.9,5,0
EMP0811,95.1,1,0
EMP0812,93.9,2,0
EMP0813,89.1,2,0
EMP0814,79.2,6,0
EMP0815,89.0,3,0
EMP0816,100.0,1,0
EMP0818,91.3,2,0
EMP0819,90.7,5,0
EMP0821,84.1,5,0
EMP0823,86.4,6,0
EMP0824,83.9,5,0
EMP0825,90.3,5,0
EMP0826,86.2,0,0
EMP0827,91.5,4,0
EMP0829,89.4,5,1
EMP0830,87.0,1,0
EMP0831,94.5,5,0
EMP0832,93.1,2,0
EMP0833,84.0,5,0
EMP0834,91.9,1,0
EMP0838,92.4,5,0
EMP0840,99.1,3,0
EMP0841,97.6,2,0
EMP0843,81.7,2,0
EMP0844,85.2,4,0
EMP0845,78.0,3,0
EMP0846,90.1,4,0
EMP0847,82.6,3,0
EMP0848,100.0,3,1
EMP0849,86.5,3,0
EMP0851,85.5,5,0
EMP0852,87.4,1,0
EMP0853,87.9,2,0
EMP0855,100.0,2,0
EMP0858,87.2,3,0
EMP0859,86.7,2,1
EMP0860,100.0,0,0
EMP0861,93.3,0,0
EMP0862,87.9,2,0
EMP0864,95.4,6,0
EMP0865,82.9,4,0
EMP0866,79.9,10,0
EMP0870,95.7,1,0
EMP0871,84.5,2,0
EMP0872,93.3,8,0
EMP0873,78.9,2,0
EMP0874,94.3,1,0
EMP0877,100.0,2,0
EMP0878,92.6,2,0
EMP0879,93.7,2,0
EMP0880,95.8,4,0
EMP0881,90.8,3,0
EMP0883,87.6,1,0
EMP0884,80.1,3,0
EMP0885,86.7,4,0
EMP0887,84.7,1,0
EMP0888,93.9,2,0
EMP0890,97.7,1,0
EMP0891,99.1,1,0
EMP0892,89.7,0,0
EMP0894,88.5,5,0
EMP0895,83.8,3,0
EMP0897,90.3,5,0
EMP0898,83.0,3,0
EMP0899,97.1,4,0
EMP0901,84.3,4,0
EMP0903,89.9,2,0
EMP0904,95.7,6,0
EMP0906,100.0,1,0
EMP0907,75.5,5,1
EMP0908,97.0,6,0
EMP0909,88.2,8,0
EMP0910,93.6,2,0
EMP0911,80.0,1,0
EMP0913,93.2,0,0
EMP0914,88.2,4,0
EMP0915,98.3,1,0
EMP0918,90.5,6,0
EMP0920,85.7,1,0
EMP0923,96.3,3,0
EMP0925,94.4,6,0
EMP0926,95.5,3,0
EMP0927,97.5,0,0
EMP0928,80.2,1,0
EMP0929,88.4,5,0
EMP0930,92.0,4,0
EMP0931,90.0,3,0
EMP0932,93.2,1,0
EMP0933,89.9,6,0
EMP0935,86.8,5,0
EMP0937,81.0,1,0
EMP0938,96.3,4,1
EMP0939,85.3,1,0
EMP0941,86.3,3,0
EMP0943,93.6,2,0
EMP0944,86.1,8,0
EMP0945,94.9,0,0
EMP0946,90.3,2,0
EMP0948,89.5,2,0
EMP0950,92.2,2,0
EMP0951,86.2,7,0
EMP0952,87.6,6,0
EMP0955,94.9,1,0
EMP0956,90.5,1,0
EMP0957,87.5,5,1
EMP0958,78.2,2,0
EMP0960,95.4,1,0
EMP0961,85.1,5,0
EMP0963,88.8,4,0
EMP0964,94.7,2,0
EMP0966,82.3,7,0
EMP0967,100.0,5,0
EMP0969,87.6,0,0
EMP0970,89.5,4,0
EMP0971,89.0,0,0
EMP0972,96.0,3,0
EMP0973,96.1,2,0
EMP0975,88.7,7,0
EMP0977,88.9,6,1
EMP0978,92.8,3,0
EMP0984,88.1,1,0
EMP0985,93.2,1,0
EMP0987,100.0,0,0
EMP0988,96.2,0,0
EMP0989,98.6,1,0
EMP0990,82.7,4,0
EMP0992,91.8,3,0
EMP0997,86.6,3,0
EMP1000,90.4,5,0
