employee_id,quota_attainment_pct,sales_closed,commissions_earned
EMP0005,105.9,21,5590.36
EMP0007,103.9,24,5956.43
EMP0011,94.2,25,3765.86
EMP0018,123.1,34,12173.54
EMP0039,86.4,21,1653.72
EMP0041,89.9,26,1775.06
EMP0042,102.0,24,6071.71
EMP0044,73.1,24,0.0
EMP0047,119.8,32,10171.72
EMP0048,107.4,30,6986.55
EMP0050,106.4,29,5673.61
EMP0053,83.2,15,1131.78
EMP0054,93.8,34,3418.75
EMP0059,125.1,32,11838.77
EMP0062,83.9,16,963.24
EMP0068,74.1,28,0.0
EMP0069,82.2,28,502.2
EMP0070,117.4,30,9583.89
EMP0071,99.6,21,5141.03
EMP0072,113.6,30,9866.07
EMP0074,84.1,19,1108.14
EMP0079,86.8,28,1961.41
EMP0083,93.0,32,3215.39
EMP0085,109.8,28,8684.15
EMP0088,107.5,33,7013.94
EMP0090,80.5,20,123.94
EMP0092,61.2,13,0.0
EMP0095,104.0,27,6831.44
EMP0099,87.3,27,1720.53
EMP0102,92.0,23,3301.22
EMP0109,91.4,23,2400.86
EMP0112,107.5,24,7330.7
EMP0114,103.1,19,4729.97
EMP0119,97.5,28,3936.1
EMP0120,89.8,25,2627.0
EMP0124,103.9,25,6937.23
EMP0137,99.9,30,4679.11
EMP0138,84.9,19,1068.42
EMP0157,105.5,27,5825.39
EMP0158,125.4,35,10322.31
EMP0162,94.3,19,3611.03
EMP0170,105.2,30,7534.94
EMP0174,75.8,20,0.0
EMP0178,108.0,21,6893.45
EMP0183,87.3,19,2211.81
EMP0184,97.9,27,3437.89
EMP0191,85.5,24,1561.47
EMP0192,104.5,28,5629.1
EMP0198,77.4,31,0.0
EMP0199,76.4,17,0.0
EMP0202,103.5,23,4345.26
EMP0203,93.0,23,2956.28
EMP0206,63.3,12,0.0
EMP0208,74.7,19,0.0
EMP0214,72.1,21,0.0
EMP0221,72.3,22,0.0
EMP0223,67.7,20,0.0
EMP0224,94.2,23,4188.72
EMP0226,76.3,23,0.0
EMP0228,102.7,25,7151.3
EMP0231,102.1,20,5800.99
EMP0236,99.0,25,5388.12
EMP0240,98.1,24,4941.38
EMP0245,111.8,38,7932.83
EMP0246,54.7,20,0.0
EMP0247,95.3,23,3846.67
EMP0249,129.0,32,13094.03
EMP0250,105.5,21,6750.2
EMP0251,90.6,14,2516.73
EMP0255,105.6,31,5513.27
EMP0257,107.1,23,5818.85
EMP0260,95.3,23,3490.55
EMP0267,55.3,13,0.0
EMP0271,104.8,30,7505.15
EMP0272,97.9,24,5189.48
EMP0273,86.0,21,1456.21
EMP0275,83.2,17,802.26
EMP0276,109.6,33,7418.11
EMP0278,95.7,17,3148.73
EMP0279,111.6,29,8093.54
EMP0285,82.4,25,441.97
EMP0287,88.8,15,2346.85
EMP0292,94.4,25,3048.77
EMP0297,75.3,20,0.0
EMP0298,106.3,19,5551.26
EMP0301,95.7,25,3339.19
EMP0304,102.8,31,5288.94
EMP0310,97.0,23,4731.93
EMP0315,121.2,37,13211.69
EMP0319,77.8,18,0.0
EMP0324,86.9,16,1672.19
EMP0331,65.3,8,0.0
EMP0332,98.2,32,5381.81
EMP0339,79.3,21,0.0
EMP0342,83.6,25,1142.23
EMP0344,102.7,39,6200.42
EMP0348,104.2,21,4667.83
EMP0354,83.2,21,756.51
EMP0355,80.4,20,65.69
EMP0356,83.8,20,917.91
EMP0359,104.7,20,6823.78
EMP0364,101.8,31,6166.02
EMP0371,84.8,16,1432.94
EMP0373,102.3,21,4368.61
EMP0375,92.7,26,3750.99
EMP0378,101.4,22,5714.5
EMP0379,90.5,21,3120.85
EMP0382,66.9,14,0.0
EMP0383,108.4,32,7427.38
EMP0386,80.8,28,202.23
EMP0388,80.1,17,20.1
EMP0389,111.4,23,8648.69
EMP0393,95.5,16,4771.3
EMP0394,87.7,20,2109.88
EMP0395,89.1,17,2772.31
EMP0397,75.8,16,0.0
EMP0404,96.0,18,4904.53
EMP0406,106.5,37,6691.87
EMP0412,83.5,20,763.92
EMP0414,92.3,35,2740.71
EMP0416,101.9,32,6276.15
EMP0417,94.7,27,3308.41
EMP0418,112.0,24,9867.38
EMP0432,106.0,29,4175.68
EMP0437,104.7,28,5730.86
EMP0438,105.8,35,7790.42
EMP0440,120.0,32,8674.22
EMP0449,105.2,26,5826.33
EMP0456,100.1,25,4066.83
EMP0458,94.5,17,4015.26
EMP0462,107.6,17,6037.17
EMP0464,101.4,20,4722.73
EMP0465,90.4,18,2291.41
EMP0467,98.3,24,4192.55
EMP0469,89.1,21,2605.68
EMP0472,108.2,28,7773.49
EMP0475,79.7,18,0.0
EMP0481,100.4,15,5632.93
EMP0482,87.4,25,2001.51
EMP0486,90.3,27,2479.78
EMP0493,73.1,20,0.0
EMP0495,76.4,19,0.0
EMP0499,93.7,23,3243.28
EMP0504,102.7,29,7083.06
EMP0506,91.8,20,2357.78
EMP0508,64.7,22,0.0
EMP0515,100.1,27,5338.81
EMP0516,105.9,25,5909.41
EMP0518,104.3,33,6233.26
EMP0520,99.1,21,4959.15
EMP0526,97.4,23,4434.68
EMP0529,87.5,21,1657.53
EMP0535,115.0,26,9584.0
EMP0542,78.0,24,0.0
EMP0543,93.8,12,4594.74
EMP0545,77.9,27,0.0
EMP0547,108.0,30,8298.65
EMP0548,97.3,23,2905.73
EMP0555,76.8,19,0.0
EMP0556,135.9,37,13137.33
EMP0559,88.5,16,2871.73
EMP0560,104.9,29,5267.96
EMP0563,85.0,20,1531.76
EMP0568,111.4,24,7585.67
EMP0570,76.6,13,0.0
EMP0571,102.2,23,5985.27
EMP0572,103.6,21,7165.87
EMP0575,82.0,16,490.21
EMP0576,108.7,27,7714.47
EMP0578,78.2,29,0.0
EMP0579,96.7,23,4065.72
EMP0582,86.8,21,2205.99
EMP0588,100.3,19,4879.95
EMP0598,116.3,26,7858.29
EMP0599,115.8,21,8942.44
EMP0602,88.1,18,2098.21
EMP0603,80.4,20,97.99
EMP0607,104.3,14,6922.42
EMP0610,93.6,30,3853.01
EMP0612,98.7,38,5430.34
EMP0613,102.1,25,6162.83
EMP0619,89.3,28,2441.32
EMP0620,98.4,19,5134.44
EMP0625,98.5,29,5527.94
EMP0627,113.2,33,10923.5
EMP0631,93.9,36,2574.32
EMP0632,87.9,32,1485.32
EMP0641,92.1,26,3214.12
EMP0647,110.9,28,10648.46
EMP0650,71.6,18,0.0
EMP0654,73.1,17,0.0
EMP0658,106.2,22,6041.05
EMP0660,92.6,22,2829.29
EMP0663,89.7,20,2860.2
EMP0667,102.6,23,6966.31
EMP0668,73.1,15,0.0
EMP0670,86.8,21,1771.97
EMP0673,88.1,23,2132.41
EMP0677,104.1,15,6175.02
EMP0678,81.8,20,625.49
EMP0681,78.0,21,0.0
EMP0683,100.4,23,4846.27
EMP0688,103.4,30,4891.78
EMP0689,96.6,25,3552.47
EMP0692,96.1,25,3521.41
EMP0693,91.0,25,2818.91
EMP0697,87.9,19,2113.82
EMP0705,106.0,26,6594.74
EMP0706,109.6,22,6615.74
EMP0709,102.3,34,6428.8
EMP0713,113.2,23,8496.92
EMP0715,96.9,23,4520.15
EMP0718,101.2,25,3920.23
EMP0719,75.4,26,0.0
EMP0724,92.6,22,3521.58
EMP0726,115.6,24,10888.14
EMP0729,70.0,20,0.0
EMP0730,125.5,29,12906.48
EMP0733,119.7,29,9709.62
EMP0736,93.9,19,4753.78
EMP0739,91.7,30,2388.96
EMP0740,131.6,34,14564.13
EMP0741,107.7,27,6404.5
EMP0751,91.2,21,2649.38
EMP0760,85.7,24,1624.34
EMP0764,68.1,15,0.0
EMP0765,95.9,23,3105.4
EMP0767,59.9,16,0.0
EMP0770,98.1,16,5064.81
EMP0773,105.6,26,5630.62
EMP0774,100.3,22,4736.12
EMP0775,91.9,27,3298.02
EMP0779,84.5,16,1031.64
EMP0783,94.7,25,3933.08
EMP0786,102.2,21,6588.72
EMP0796,90.3,27,2374.24
EMP0798,109.2,28,5223.65
EMP0804,69.9,28,0.0
EMP0806,106.9,23,6304.01
EMP0817,101.5,21,6281.94
EMP0820,87.4,12,2337.26
EMP0822,93.5,19,3074.79
EMP0828,120.0,25,7150.34
EMP0835,105.3,28,5131.66
EMP0836,91.8,19,3320.59
EMP0837,98.5,23,4172.39
EMP0839,98.1,31,4293.78
EMP0842,95.2,29,3641.27
EMP0850,92.9,33,3661.24
EMP0854,87.6,20,1204.83
EMP0856,97.3,25,5039.15
EMP0857,105.1,27,5262.0
EMP0863,106.7,30,5135.37
EMP0867,84.0,26,1166.06
EMP0868,72.9,20,0.0
EMP0869,98.0,14,4412.08
EMP0875,99.9,25,4358.65
EMP0876,90.4,21,2563.22
EMP0882,85.8,23,1533.38
EMP0886,84.6,20,1284.4
EMP0889,93.9,20,2613.56
EMP0893,102.8,30,4218.98
EMP0896,110.7,21,6852.44
EMP0900,95.6,29,3951.62
EMP0902,85.9,22,1609.43
EMP0905,83.2,24,791.86
EMP0912,86.0,17,1684.6
EMP0916,93.2,19,3648.92
EMP0917,105.3,22,6354.48
EMP0919,112.8,25,8557.85
EMP0921,83.0,19,800.45
EMP0922,82.2,21,489.68
EMP0924,140.0,33,15045.33
EMP0934,85.7,17,1439.18
EMP0936,101.1,33,5623.16
EMP0940,98.3,26,3871.7
EMP0942,68.5,19,0.0
EMP0947,97.1,24,4286.5
EMP0949,90.5,25,2994.03
EMP0953,88.1,28,1534.45
EMP0954,87.1,31,2190.71
EMP0959,86.4,24,1860.19
EMP0962,107.0,34,6994.83
EMP0965,94.2,29,4240.91
EMP0968,101.1,21,4526.08
EMP0974,88.3,18,2006.34
EMP0976,108.6,38,8180.53
EMP0979,90.5,27,2190.45
EMP0980,108.6,28,6740.02
EMP0981,117.1,23,9165.74
EMP0982,93.2,20,3962.12
EMP0983,119.6,30,10400.51
EMP0986,94.9,18,3632.48
EMP0991,98.0,23,5711.33
EMP0993,92.2,23,3145.25
EMP0994,86.7,26,1653.6
EMP0995,101.7,32,5317.51
EMP0996,130.3,31,10943.88
EMP0998,104.4,39,6447.25
EMP0999,88.5,21,1909.37
